epoch,dense_2_acc,dense_2_loss,dense_41_acc,dense_41_loss,dense_4_acc,dense_4_loss,dense_6_acc,dense_6_loss,dense_8_acc,dense_8_loss,loss,val_dense_2_acc,val_dense_2_loss,val_dense_41_acc,val_dense_41_loss,val_dense_4_acc,val_dense_4_loss,val_dense_6_acc,val_dense_6_loss,val_dense_8_acc,val_dense_8_loss,val_loss
0,0.15762822607234583,2.2661411058119953,0.20695851029318868,2.1331127410385196,0.18065991506530585,2.2520576504779304,0.18588696504897131,2.212183276721365,0.16367200263299728,2.2207024274250915,11.119553614581811,0.1938046068308181,2.1078802664380305,0.3415409054923758,1.9017586941942513,0.2390786338363781,2.0973468037045504,0.21048451151707703,2.049946146980934,0.23510722795869737,2.0240929204381772,10.21574638115214
1,0.2670695851077756,1.903222027069523,0.36050310357066395,1.707931881907406,0.21185886966017717,2.114268933351972,0.215125775892666,2.0832011652164155,0.21659588370300592,2.048996952186804,9.89152028957094,0.4086576648370153,1.6197751397836577,0.47498014299428304,1.3840939295111998,0.25734710087370927,2.042104264873659,0.3057982525814138,1.9867841557342918,0.22795869739070784,1.9195294007126351,8.985377834371578
2,0.3426984645565013,1.6590445612583702,0.46324730482182447,1.3873872422034816,0.22917347272376692,2.0672700393437484,0.2495916367394984,2.004384512373218,0.27147990854609755,1.9301048917966666,9.08049006463655,0.4487688641897547,1.5216603060389815,0.5524225575853853,1.1983363390726358,0.2756155679228762,1.9393292840650103,0.36020651315298224,1.8784386520825085,0.31890389198959584,1.7445542198784112,8.31386117503414
3,0.3871283894346961,1.5420333758478497,0.5349558968047073,1.1952522741505929,0.24828487424358206,2.004760626950555,0.31035609279960946,1.8665284225653294,0.32375040838275226,1.7830823420387825,8.422545336150375,0.5361397935342372,1.4134161762295496,0.5595710882125533,1.0958968901369097,0.2915011914217633,1.9090017130490424,0.3907863383637808,1.6454754090668948,0.4078633836496435,1.6220852802252372,7.716161988101562
4,0.4309049330284221,1.451207445128141,0.5761189153968646,1.0695567817635023,0.276706958529763,1.9514617009398127,0.3569095066971578,1.7277493244758115,0.3729173472745673,1.6625399018611366,7.8922641165931795,0.55202541704496,1.3621934325662846,0.6040508339952343,1.040525711226596,0.3022239872915012,1.8671432837690032,0.415409054852744,1.6172285457751976,0.44996028594122317,1.5181894237035034,7.434545263210111
5,0.4573668735804647,1.3876649609814669,0.6158118261811157,0.9804814789700999,0.29369487095720354,1.8998448970231383,0.38925187849056014,1.618727558424799,0.4036262659261679,1.5794909737617195,7.495039266762645,0.5536139793960323,1.30202824765013,0.5905480540584628,1.0019118072283089,0.38204924545655466,1.8424616736774884,0.4634630659371733,1.4906134038240404,0.4567116759569518,1.4259027673480433,7.091347887934533
6,0.47125122505089534,1.361881794745686,0.6391702057761486,0.903782273845048,0.3247304802449534,1.8312262756611857,0.42224763147350386,1.5382833238599816,0.4408689970403121,1.4766580304146124,7.1399287104178235,0.5135027799841144,1.303071458037644,0.6207307387288361,0.969763060237227,0.42216044482112974,1.7467486120766358,0.46544876888784936,1.4651250346867786,0.5023828435739512,1.3584804124923051,6.870966301540045
7,0.48072525318523357,1.3248094534492305,0.6605684417051959,0.8486774162855152,0.36752695198134633,1.725966378194528,0.437438745512872,1.4652411256183873,0.47892845477282087,1.4132569671962356,6.805446734112176,0.555599682240187,1.277629985162623,0.5953137411116797,1.0051883361564922,0.436854646497534,1.6171740174198832,0.4904686259409092,1.4229421748160558,0.5131056394436891,1.3050161405060383,6.65518291456724
8,0.48513557661868745,1.2920485195557458,0.6777196994835705,0.8159601943471859,0.379124469127736,1.6625255090432478,0.45949036266553717,1.4077238325432444,0.47941849072826176,1.3771474936630788,6.582356265540685,0.5671167593564752,1.2205678627924659,0.645353455146785,0.9492285776294537,0.4650516283237527,1.5601841880746832,0.5198570294357463,1.3657278229642993,0.5135027800314572,1.3229144707475984,6.445326266542515
9,0.49705978442313276,1.267046844480241,0.7000980071677214,0.7532936900474402,0.4126102581245375,1.6086322100713182,0.4890558640772281,1.3536589763710523,0.4973864750179034,1.3318029365598747,6.340998161543977,0.5599682287529786,1.238380535312642,0.623907863336295,0.9852786786363085,0.4575059570614737,1.5212058891276692,0.511119936457506,1.3254394185647214,0.5135027799841144,1.2998792484130435,6.396584644499423
10,0.5001633452925173,1.261701718922029,0.7110421431294378,0.7329247516574754,0.42453446586082977,1.5595125993923673,0.4975498203396291,1.3299805224233887,0.5235217249362307,1.2780841538735521,6.188447565161609,0.5702938840586198,1.2211847955788573,0.6211278793166042,0.9597452960855152,0.421366163669265,1.5304484720548246,0.5135027799841144,1.3448881153268792,0.5091342335186656,1.319125702307279,6.401494288652827
11,0.5153544593659619,1.213948508175087,0.7245998039661533,0.6804177138354411,0.43515191117909485,1.5184619312230296,0.5133943155441982,1.2783613535595346,0.5375694217965401,1.2261092675857705,5.943273044419187,0.5492454329305835,1.216438732609283,0.6131850675375713,1.0181729158207573,0.4702144558700519,1.4775702433987588,0.528594122319301,1.2922687651715268,0.5309769658459095,1.2565787002337745,6.286865151051589
12,0.5194380921462283,1.207510148688338,0.7458346945247943,0.6517879734316592,0.4604704345180022,1.4819571946579349,0.5169879124469128,1.2705041761298617,0.5588043123551811,1.1876127309403517,5.825113357729633,0.5869737886738644,1.1736168353163694,0.6298649722001588,0.9548704504812872,0.46425734714821654,1.4915713565135589,0.517474185909138,1.2772469748761373,0.5162827640984908,1.2576030593859573,6.180540097716122
13,0.528422084286181,1.1839539968901232,0.7585756288989235,0.6097032972622136,0.4616138516921929,1.450624829762436,0.533159098343614,1.2269640435427864,0.576118915426073,1.1448840717792668,5.641659244997211,0.5782366957429669,1.172987040425218,0.6370135027799841,0.9688492015868165,0.4924543288324067,1.4224131842091312,0.5377283558853095,1.2823557124145453,0.5222398729386833,1.2453553844198904,6.117395843751285
14,0.532015681149951,1.1856324295326215,0.7680496570137894,0.5903888596930718,0.47402809543260677,1.4351225656374185,0.5387128389512585,1.2190977810099795,0.5777523685070238,1.1255700363516223,5.581163922932677,0.5548054011119936,1.162983665682192,0.6386020651428921,0.9494073731474123,0.5003971406351109,1.392699912865073,0.522239872915012,1.2730224239532677,0.511517077045274,1.2422517573104386,6.04567148687349
15,0.5343025155567492,1.1585933388311542,0.7834041163408066,0.5674163530520153,0.4941195688073209,1.403881238940805,0.5578242404540353,1.1782735613427573,0.6009474028192755,1.0954429559635983,5.428856808700736,0.569499602906755,1.1679402443508575,0.6306592533875307,1.0136807949842206,0.49444003181858986,1.4109676098236497,0.5297855440826053,1.2781001621053936,0.5289912629070691,1.2480931351164015,6.14397661074274
16,0.5503103561317247,1.1261711994131887,0.7997386474618722,0.522844739304536,0.49852989223103866,1.3682474243372182,0.563868017026857,1.150546654168004,0.5975171512772312,1.0785008523831061,5.271441752129387,0.5913423351866561,1.1315111706685792,0.6219221604566332,0.963584378237427,0.5083399523549652,1.3745307843300727,0.5420969023034155,1.2825575045785609,0.51469420177109,1.229254763783492,6.006477049932866
17,0.5494936295717769,1.1150982768190565,0.8075792224568427,0.5066072529571892,0.5133943155831427,1.3411235579553284,0.5764456060159755,1.1366169280142848,0.6200588043220524,1.0407172738629515,5.165166788029539,0.5806195392695753,1.1102205074264286,0.6513105639514704,0.9473240679696593,0.49880857826036723,1.374024946363887,0.5238284352897556,1.2689255637910464,0.535742652910962,1.1874511585621914,5.912917701093994
18,0.5571708591768688,1.1050214464856845,0.8235870630707627,0.47090758256217463,0.5120875530872264,1.3210549768533866,0.5859196341162373,1.1123174250963193,0.6247958183989576,1.0197679080514495,5.053990176206163,0.6040508339478915,1.1107944564936747,0.6342335186774434,1.0163700643710858,0.49483717240635794,1.3599933102265345,0.5325655281969818,1.2850366883849795,0.542891183502623,1.2212604262508788,6.018343388797557
19,0.5648480888403774,1.084739462256782,0.8294674943023863,0.46053060987579086,0.5261352499183274,1.2883489868758513,0.5867363606664489,1.1038604534283762,0.6197321136688648,1.011230236640439,4.973549838940017,0.5980937251313704,1.0988280121251834,0.6338363780896753,0.9812499479796793,0.5158856235107228,1.3291442281580614,0.5270055599919001,1.275102431855569,0.530182684682209,1.2155721015263588,5.924687791950084
20,0.5808559294445613,1.053866660310645,0.8386148317738009,0.436116814175216,0.5334857889968014,1.2541490193871414,0.5882064684743548,1.0831403128269723,0.6313296308395949,0.9816713733869377,4.833673499137582,0.6008737092457469,1.1053819808105896,0.6640190627600486,0.9494394050456874,0.5254169976171564,1.3263570807868286,0.5353455123350297,1.2841811980208866,0.5333598093961893,1.2202301374780837,5.910278776697548
21,0.5813459653513215,1.0600787733006969,0.8433518458214978,0.4146908988013294,0.5476968310814752,1.2346165927357629,0.6033975825283271,1.0706906459254402,0.6457040183336195,0.9774388782497482,4.782163068072853,0.5909451945515451,1.0919382480447306,0.6409849086695005,1.0758226364022498,0.5202541699880073,1.3309629116387856,0.5524225575853853,1.239206471359853,0.5397140587886426,1.1979465597295118,5.960488192896885
22,0.5927801371905898,1.0230980921866495,0.8541326364128078,0.3893038693478356,0.5609278013526283,1.2131131423216792,0.6148317543286508,1.0406675639397098,0.6532179026267217,0.9337139055254567,4.6244957513257745,0.6108022239399487,1.0699496487772493,0.6711675933398739,1.0151733656379085,0.5234312947019876,1.3059604028276832,0.5190627482365388,1.266379445199459,0.5476568705321684,1.2254441839726413,5.907463827049855
23,0.5888598497028407,1.0314943006481856,0.8616465207643269,0.3704936859246291,0.5756288794511597,1.1731632702181598,0.6149950996601126,1.0262082658613167,0.6675922901012741,0.9231628137879495,4.5490474264748695,0.5830023827961838,1.101112722687725,0.6477362986615577,1.057188852544433,0.4857029388403495,1.3735405281008568,0.5405083399760146,1.2557309620715589,0.5345512311476578,1.2150826632171703,6.027171981817584
24,0.594250245017968,1.0222620651714944,0.8645867363217219,0.35302434560569895,0.5805292388205823,1.1567381567442507,0.6247958183405408,1.0162361187897488,0.668899052636135,0.9047717828058955,4.477509503581095,0.6179507546144596,1.060407183916442,0.6723590151031781,0.9778119497729068,0.4583002382961884,1.3971502146520152,0.5238284352897556,1.280575172024364,0.5397140588004784,1.208594838099597,5.9489929980943845
25,0.5971904606337798,1.0123428156157017,0.8711205488402483,0.35442285577297133,0.5748121528717397,1.1377519125721884,0.6238157465270203,1.0087859814792473,0.6653054557139482,0.9000872886675474,4.4378249527620595,0.6004765687526645,1.0990117847966807,0.6461477363223211,1.121554592593238,0.5051628276646564,1.3477728163750993,0.514297061183322,1.3475922777408451,0.5289912629189049,1.2439884506491463,6.184326433965003
26,0.5989872591046094,0.9947716020283766,0.8827180660109784,0.3208404536030722,0.5802025482258116,1.138366493163098,0.6293694871346649,0.990552527536095,0.6806599150409655,0.8709930469303574,4.339907345371439,0.5837966639717199,1.0909269248994218,0.6660047656988889,1.050482014828821,0.5027799841143765,1.3028864633289001,0.5210484511753791,1.2757731544488569,0.5571882446504378,1.1954976390807566,5.939909088507449
27,0.6009474028484839,0.9759085236402635,0.8890885331785706,0.3024317498584465,0.589676576301733,1.101919028541692,0.6432538386196999,0.960226043382138,0.6855602744590688,0.8457943351001609,4.210605641433282,0.5861795074983284,1.0816541905910653,0.6457505957345531,1.071483170733853,0.4960285941459907,1.3321463326502643,0.5480540111436079,1.220792597394978,0.5401111993882465,1.1991047863216036,5.929486280779122
28,0.6112381574746168,0.9631523020475451,0.8877817706242374,0.3033265226910956,0.6017641293889594,1.0833286560271076,0.6450506370856613,0.9529494681571754,0.6867036916235233,0.8494779906098416,4.176513900713218,0.5810166798573434,1.1040734611540393,0.6481334392611615,1.1434734473396995,0.5210484511635434,1.2939076454891298,0.5047656870768883,1.316254067695548,0.5405083399641788,1.279186534304009,6.161149932431076
29,0.6112381575038253,0.9601692976183612,0.9031362299512548,0.274935404524543,0.6089513230775548,1.0759237908101946,0.6538712838552077,0.9381645258950548,0.7009147337276692,0.8163557976377201,4.089774728872853,0.5957108816521048,1.08271478186343,0.6632247815963481,1.045700867664782,0.5230341541023837,1.2728448557986258,0.5186656076487707,1.3214653614875909,0.5432883240903911,1.207553607921358,5.954493127994068
30,0.6226723292846766,0.9496930609026675,0.898725906527537,0.27164315684719514,0.6040509637178685,1.0696594328398956,0.6489709245149936,0.9369560532498227,0.708918654015157,0.8059525491559634,4.058100362417551,0.5949166004292259,1.08573298971742,0.6620333598330439,1.1418801389747049,0.5103256552819698,1.2886295652844018,0.5397140588004784,1.2538073879560845,0.5436854646781591,1.2273733513614693,6.021601734131077
31,0.6313296308590672,0.9387620251500424,0.9073832080629829,0.25248887746727805,0.6159751715515221,1.044193720903244,0.663672002613525,0.8957910986361025,0.7048350212154183,0.8008883597608565,3.956297054278309,0.6008737092930898,1.0651771237776335,0.6747418586416222,1.1219168355647027,0.4960285941223193,1.2949697251732715,0.55996822877665,1.2385503862280993,0.5349483717472616,1.2255179830919285,5.97029564776432
32,0.6267559621038876,0.9227637963838649,0.913100293982617,0.24324519669881095,0.6163018621365567,1.056673203212535,0.670042469761645,0.9050218605286388,0.7151257759097043,0.7848738402040595,3.9367355044781482,0.5794281175062711,1.0561940016327063,0.6810961080459113,1.214542526582358,0.5281969817433687,1.2875551718913723,0.542891183502623,1.296434883185092,0.5706910246463879,1.2335922477073002,6.112462661112936
33,0.6306762495526922,0.9247129549196599,0.9113034955896766,0.24377512274390925,0.6216922574127394,1.0276311476103661,0.6654688010259378,0.8969925285086683,0.7151257758707597,0.7874530294252275,3.9046847631790325,0.5957108816521048,1.043763693632163,0.6711675933517095,1.1437120870172954,0.5043685464654488,1.3010549437346395,0.5365369340983338,1.265488628596896,0.5528196981968247,1.199399111867898,5.9775286675257
34,0.6417837308458704,0.9056339156429037,0.9197974517936607,0.22139903139450784,0.6234890559030413,1.0142692808075224,0.6684090166417496,0.8839939469724105,0.7281934008542637,0.7695291455919078,3.8189202859798157,0.6052422557111957,1.0517047391264944,0.679110405107071,1.1895078977916131,0.5234312946901518,1.2608883558898998,0.5607625099521861,1.2225188147557737,0.5480540111317722,1.2390058607786207,5.987696440850486
35,0.6401502777065027,0.8999529622692332,0.9181639986932375,0.22327375271543495,0.6207121855408021,1.0182908780821707,0.6796798432079728,0.8655620717760864,0.7259065664620697,0.7531310606337731,3.784262931413099,0.6024622715968192,1.0424795772250064,0.67196187451541,1.1692001081032588,0.5230341541142195,1.285353482006276,0.5341540905717255,1.2647404192552574,0.5520254170094528,1.2249614998307656,6.010774988897079
36,0.6481541979939904,0.8858079632214182,0.9199607971056503,0.21905150794390954,0.6308395949425708,0.9839403520647664,0.685886965024631,0.8519545585179944,0.726069911832476,0.7554369063713862,3.7202197384577254,0.6104050833995235,1.0536185405006286,0.6699761715884054,1.1229270097664228,0.5,1.2898028601342673,0.5567911040745054,1.2426871124291061,0.554011119960129,1.210717132159696,5.943765946282954
37,0.6426004573668735,0.890889574814684,0.9310682783404116,0.19115300646446687,0.6481541979939904,0.9580803379362917,0.6898072525513246,0.8182319906053104,0.7324403789805961,0.7371900911153589,3.619557265322491,0.5961080222398729,1.0788590281231238,0.6596505163064356,1.2391252493407396,0.5158856235107228,1.2809086844881343,0.5655281970054029,1.205097684081913,0.5329626688084212,1.248496256952157,6.076500139319774
38,0.6587716432343663,0.8610724529889782,0.9317216595883698,0.18503135539228033,0.6468474354786018,0.9595568269267265,0.6976478274878782,0.8265931646016172,0.7355439399083975,0.7265126544523379,3.5827569759815043,0.5909451945515451,1.0924088658241229,0.673550436878318,1.1826490334551738,0.5242255759011951,1.2850314134449312,0.5575853852500415,1.2528061488490905,0.5651310564176348,1.1974108466276392,6.034265328817087
39,0.6576282261088563,0.8706094730877868,0.933845148644234,0.18327523594158066,0.6509310682832085,0.9504165857377997,0.7072852008757892,0.8123210316310323,0.7442012414048989,0.7027063419600009,3.543288333865405,0.6044479745830024,1.091364017513901,0.6671961874740289,1.25759827180127,0.535742652910962,1.2574848251460184,0.5726767275852283,1.2136539668909987,0.542891183502623,1.2534857887990707,6.097530533530771
40,0.6563214635739955,0.8626350222440843,0.9348252205161712,0.1816114092775709,0.6538712838941523,0.9513364477275984,0.7087553087031674,0.8003680793649424,0.7523685069849039,0.7077555173325873,3.5276364412466634,0.608816521095794,1.0265289802101276,0.6942017474304218,1.1031566273381843,0.5309769658459095,1.2647278507234938,0.55996822877665,1.2190355309614405,0.5571882446622735,1.2199880556041423,5.857354918389778
41,0.6649787650899691,0.841822294443505,0.9392355439593612,0.17464958262020994,0.6545246651421104,0.9372006253999886,0.708918654015157,0.8080789025450641,0.7520418164388138,0.6924999348480925,3.4781506598209955,0.5980937251787133,1.0731161731614112,0.6664019062984927,1.1911179111680352,0.5552025417234331,1.2614231921548973,0.5675138999442433,1.2276002250558522,0.557982525825974,1.2272845173374445,6.00441780878117
42,0.6723293041879155,0.8410741993704095,0.9451159751715126,0.1640579531146338,0.6643253838225386,0.9276435459918035,0.7126755961714442,0.7930476015317444,0.7602090819798744,0.6818745653834152,3.431579033326028,0.5945194598888006,1.0787698532365162,0.6886417792135047,1.1982689870275836,0.5146942017947614,1.3208647889216047,0.5476568705558398,1.2448840170175524,0.5401111993882465,1.2320189379433775,6.098687285937611
43,0.6669389088338437,0.8325800268294101,0.9451159751325681,0.16859872209693785,0.6669389088727882,0.9018944479678433,0.7128389415321145,0.7914172714732511,0.7530218882328621,0.671711768308756,3.3900779006295014,0.596505162827641,1.073476236618351,0.6731532962905499,1.2787599590191998,0.5194598888006354,1.2779235451632402,0.542891183502623,1.299252878114096,0.5492454329069121,1.2488121038111928,6.2020862327860495
44,0.678536426024046,0.821119070364657,0.946586082940474,0.15052204840104297,0.668572361953739,0.9086686694633723,0.7131656321853019,0.7672954129066704,0.7554720679321775,0.6820649159223338,3.353537020516606,0.5933280381254964,1.0708371352898498,0.6906274821523449,1.257308128851335,0.5127084988559211,1.355915036771485,0.5563939634867373,1.2666096102632731,0.5627482128910265,1.2267941777624716,6.201329139985197
45,0.6759229009932687,0.832695485563381,0.9456060110685367,0.15686666420625925,0.6708591963215927,0.8980942339298967,0.7206795165173487,0.7686018775935579,0.7626592616402452,0.6659376978270566,3.3460569531260966,0.6052422558058814,1.0570284941539203,0.6707704527521058,1.3781206931480938,0.5166799047099303,1.2891206146706846,0.5131056394200177,1.4027784435023762,0.5627482128910265,1.2554166248812384,6.406311842257111
46,0.6827834041552464,0.8106163660516461,0.9472394642273767,0.1519884114320719,0.6648154197974518,0.901297552898716,0.7255798758965074,0.7635122926279596,0.762659261698662,0.6504093963739257,3.3016666820804033,0.6072279586973789,1.0417123150326033,0.6874503574502004,1.213295117483402,0.540508339999686,1.2537665466546444,0.5484511517313759,1.2929913970664724,0.5563939634867373,1.2581715832824647,6.083769948260949
47,0.6832734400327982,0.8030649449010566,0.9526298595230317,0.14724883506222416,0.6845802025092423,0.8713014512543428,0.7293368180333224,0.7570614861102324,0.7579222476509653,0.6616552759330673,3.26414389463859,0.5933280381728393,1.0414933097549524,0.6695790309769658,1.2952997770298766,0.5301826847177161,1.270104166436896,0.5270055599919001,1.3168613140880352,0.5667196187450357,1.2293479253225046,6.176905259714892
48,0.6925841228356746,0.7868819488921379,0.9513230969881707,0.14074174222852506,0.6801698791049968,0.8784015788357463,0.7281934008493957,0.7349035526287786,0.7657628225680466,0.6542352454816543,3.2189483491473245,0.6036536934548091,1.0439101255974474,0.6536934074899144,1.4430351844623335,0.5115170770571097,1.2992192577804431,0.53733121527387,1.31440432460844,0.5345512311594935,1.3146798562397553,6.439024366207592
49,0.6984645540867706,0.7777977524065418,0.9545900032863786,0.1275083357701002,0.6804965697484482,0.8612329522327284,0.7283567462003298,0.7285951419384485,0.7729500163345312,0.6364963381012372,3.155378810411495,0.5984908658138242,1.0729909635694865,0.6894360603890408,1.2635146436607725,0.5127084988085783,1.344224705120417,0.5262112788163641,1.3597036268239555,0.548848292319144,1.302595589253711,6.366762727096594
50,0.695687683763476,0.7779655795944784,0.9555700751388435,0.12158808153249233,0.6893172166153559,0.8598383901867747,0.730316889924732,0.7375161728801309,0.7780137209867348,0.622404748105956,3.143041382035334,0.608022239872915,1.0343598293716043,0.6945988880300257,1.2830262194436899,0.5301826846940447,1.2597838081567414,0.5655281970054029,1.2839511990357808,0.5691024622953156,1.2422265277863307,6.127070099707157
51,0.6994446259197633,0.7635276645899053,0.9558967657822949,0.12839605939297363,0.7005880431231624,0.8293364334246646,0.7396275726691915,0.70767824032929,0.7737667428555344,0.6179612094341093,3.0706125643860083,0.5988880064015922,1.0647761581955304,0.6803018268703751,1.2753908904321118,0.5190627482602101,1.2846528070611174,0.5750595711118366,1.228538402685388,0.5718824464096921,1.245366955603561,6.122424291560724
52,0.7045083305914391,0.7472809697046501,0.9552433844759198,0.1250671224032122,0.6929108134207091,0.836566725419028,0.74322116956217,0.7047187323587387,0.775726886677298,0.6132955294502829,3.0506077565152987,0.6100079428590982,1.0515954374758094,0.6910246227282774,1.317476305052116,0.5333598093725179,1.2767494246541176,0.554408260547897,1.2893189190871381,0.5500397140706125,1.264420463415817,6.22323277642369
53,0.7092453446780805,0.742072060543585,0.9637373407383208,0.10110328750806863,0.6961777196994446,0.821925946093587,0.7419144070370453,0.7074419786165992,0.7796471741261026,0.6219166092080487,3.018138109177244,0.6179507546144596,1.057377275721576,0.6810961080340756,1.4622255063214804,0.5333598093961893,1.2948971281835633,0.5512311358457525,1.2604615751289963,0.5559968228989692,1.2487347312537898,6.347372168676545
54,0.7067951649982374,0.7382150874228229,0.9594903625876481,0.1152030339763323,0.6987912446912774,0.8286742455661005,0.7456713491933324,0.6930716706623014,0.7791571381511894,0.5994140017036518,2.9982504211427026,0.5953137410880082,1.096172887681021,0.6862589356632248,1.350385391205916,0.5313741064336776,1.2725059860182528,0.5718824464096921,1.2479809013693175,0.5635424940547269,1.29606263006936,6.28677258783148
55,0.7067951650177097,0.7535051884350532,0.9554067298268539,0.13448629528831732,0.7015681149756273,0.8289340843137126,0.7468147664356761,0.7136323453164186,0.7835674615943794,0.6024605659673666,3.0566781857012923,0.614376489324547,1.0519231825392334,0.6922160444915816,1.1946367009367567,0.5460683081810961,1.248771907745419,0.5683081811197794,1.275164103133987,0.5424940429030192,1.2994218632945758,6.093566036678856
56,0.7126755961714442,0.7291628877269953,0.9674942829140804,0.09323406598258649,0.7064684743742583,0.825947074709434,0.7531852335837962,0.6814822214943098,0.7856909506307712,0.6123238128799505,2.9657955049339053,0.6056393963463066,1.0754155610984664,0.6926131850911853,1.3836499941130753,0.5413026211752221,1.240836124367142,0.5623510723032584,1.263953816332071,0.571088165234156,1.234280978347973,6.2217814342856315
57,0.714145704037767,0.7256675562956721,0.9635739954263313,0.11629204346659316,0.7110421431294378,0.8044317802624233,0.7373407382818656,0.7171204059741654,0.7964717412610258,0.5761730075028549,2.9633359884911994,0.6115965051864991,1.0788245798030172,0.6878474980261328,1.3605990981539071,0.5500397140587768,1.2368149171280804,0.5548054011356651,1.2717067067162966,0.5611596505399542,1.2673283255791457,6.238926039507126
58,0.7257432211500802,0.7139548148956224,0.9686377000980072,0.09505578362431934,0.7087553087615842,0.7996079154514636,0.7554720679905943,0.6721346548903576,0.7837308069258412,0.6032086134307411,2.9076059224441213,0.6223193010799084,1.0736107819323812,0.6977760127203345,1.3120369582851321,0.5436854646544876,1.2743093228889326,0.5579825258378096,1.2581075409558957,0.5742652899244648,1.2524094534261156,6.194112000529779
59,0.716269193093631,0.7183426442351929,0.9696177719699445,0.08940175302341208,0.7072852008757892,0.79866281155666,0.761842535119242,0.6589147640244316,0.7945115975171513,0.5813431879812812,2.870288745829655,0.6008737093404326,1.0799800425448334,0.6918189039038135,1.3784401289171098,0.5432883240667196,1.2449868834378512,0.5730738681729963,1.262464698768022,0.5698967434708517,1.264180524657888,6.253677457926101
60,0.729010127389871,0.6970350587730196,0.9681476641620386,0.08923849587416054,0.7035282587779188,0.8168017277527541,0.7582489382359998,0.6689787336869475,0.7922247631492976,0.5809966330043789,2.8766702943594384,0.586179507593014,1.1002582274821184,0.6866560762628285,1.446280226412668,0.5274027006033397,1.2642032290565484,0.5627482128910265,1.2894927258052173,0.546862589368468,1.2968425183801826,6.420693086952895
61,0.7263966024564552,0.71501364477395,0.9727213328977459,0.08443861707815446,0.7146357399932078,0.7815620097721453,0.760535772642798,0.660042659475382,0.7954916693501439,0.579684260145818,2.844347780960442,0.5905480540347914,1.1076722286043894,0.6918189039038135,1.4924924295874404,0.5190627482128674,1.3298073348968724,0.5651310564176348,1.300202364198171,0.5599682287529786,1.2764078865835267,6.5301830353861865
62,0.7295001633842565,0.6828640230494128,0.9727213328977459,0.0859851044107252,0.717085919595162,0.7721337872523569,0.7644560600916025,0.6546816346848646,0.7941849069126444,0.5844540789757473,2.803697459256092,0.607625099285147,1.1163352541004126,0.6894360603772051,1.5246624656159278,0.5571882446622735,1.231658890121413,0.5619539317154904,1.2775929621801763,0.5766481334629089,1.249522348544823,6.4233478753693625
63,0.7309702711532179,0.6887787056296373,0.9701078079059131,0.08928541207019142,0.7149624305587702,0.7712008554886385,0.761515844495263,0.659071924945608,0.7997386475008167,0.5647794120220607,2.796683793362353,0.6191421763777638,1.0545669527276107,0.6874503574383647,1.4346651588392765,0.5162827640984908,1.3361515316629902,0.5818109611038939,1.2621518854374352,0.554408260547897,1.2721131374146657,6.383206388702272
64,0.7308069258607006,0.691102404603768,0.9733747141067595,0.08613933844060406,0.7213328977068901,0.7633269786717883,0.766906239790918,0.6413475882574765,0.798921920940869,0.5621650029400991,2.7676127478017873,0.6159650516282764,1.149560841480588,0.7033359809490874,1.3185668346032626,0.5416997617629902,1.2518551625175265,0.5750595711118366,1.2810213732946667,0.5694996028712479,1.2685514511903,6.293076458386337
65,0.7442012413854265,0.66410772185511,0.9745181313296308,0.0869755496637429,0.7156158118456729,0.762333873711704,0.766416203835477,0.6420553644394337,0.8012087552697781,0.5481478384568464,2.727131772454133,0.6104050834231949,1.0720346224619293,0.6961874503692622,1.2577831099435652,0.5555996822875298,1.2504652032215886,0.5679110405320114,1.309470393574361,0.5611596505399542,1.305547478087276,6.2188063669621325
66,0.7407709898336461,0.680371588997224,0.9727213328588012,0.08490526323545282,0.7183926821105506,0.7638836066265661,0.7734400522315553,0.6400895761395934,0.7972884678404458,0.5673446226688585,2.7600890331040873,0.6207307386814932,1.0917423208931356,0.6914217633042097,1.452523326717668,0.5424940429148549,1.2382046223349568,0.564336775230263,1.302779393124145,0.5389197776249423,1.3485779289313022,6.457309104413433
67,0.7468147664162038,0.667418550749847,0.9709245344658608,0.08292184833160181,0.7226396602612234,0.7566256417787297,0.7806272459590953,0.6196786438238773,0.794348252224634,0.56534100528131,2.7154612466814627,0.5949166005239116,1.097030084660074,0.6846703733239882,1.552396656330353,0.5416997617156474,1.2734244017964607,0.5345512311476578,1.4212781057602077,0.5544082605360613,1.2664050794575685,6.6340009753338585
68,0.7440378961123816,0.6480590289751326,0.9750081672655995,0.0774072287062545,0.725253185253056,0.7492577748258142,0.7767069584713462,0.6127578888754174,0.8054557333815062,0.5375005187152142,2.6484336781369358,0.6036536934074662,1.1167524499349692,0.6858617950872924,1.3667895432666677,0.5194598888479782,1.339883581099764,0.5643367752420988,1.300813119831873,0.5552025417234331,1.3075816883181086,6.4552527542053655
69,0.7455080039397598,0.6514929057296994,0.9722312969617772,0.07934588674965203,0.7334204508525334,0.7334112148392399,0.7837308069453135,0.6037479249218327,0.8052923880889891,0.5512763690964064,2.642704325616457,0.6119936457505957,1.071776700851887,0.6965845909570303,1.414805266663663,0.5405083399760146,1.2922680571355736,0.5460683082047675,1.3541855940608585,0.5667196187687071,1.2402276989010423,6.396683519089193
70,0.7479581835611862,0.6590458610816471,0.9799085266252858,0.05645825835457703,0.7324403789611238,0.7318888737831346,0.7822606991374076,0.59956792327011,0.8072525318912804,0.5435093238983852,2.613878982046078,0.6108022239872914,1.0540116839022085,0.6870532168505966,1.6506536419152793,0.5357426528991263,1.2789578010299265,0.5571882446622735,1.3460806529610947,0.5639396346543307,1.3358328825808214,6.688932294027497
71,0.7451813133060445,0.6413013994674284,0.9754982032015681,0.06805639672585034,0.7285200914733747,0.7361616398999209,0.7747468147858885,0.6062079614301555,0.8154197974907577,0.5184352785027599,2.593546279307792,0.6131850675138999,1.104864186130174,0.6918189039038135,1.6207760711988073,0.5512311358694238,1.2616714551109847,0.55996822877665,1.332307987595665,0.5822081016916619,1.3946563196557147,6.737650886994681
72,0.7564521398041147,0.6311925005694691,0.9782750734664458,0.06586766197016682,0.7352172493038907,0.7284651560083942,0.776380267905784,0.6321337995810354,0.8083959490752072,0.537837444937568,2.6188610869659703,0.6088165210484512,1.0631570737450913,0.6902303415527412,1.5898127107790345,0.5389197776486137,1.2782637153569434,0.571485305821924,1.3436741820870173,0.5671167593564752,1.299445049809122,6.597710498275029
73,0.7523685070043762,0.6397132007018759,0.9781117281934009,0.07015710320375838,0.7355439399083975,0.7346902606593203,0.7827507350733762,0.6241009071425494,0.8093760208887276,0.5275259813971085,2.619553047782726,0.5972994439558342,1.1332159617100566,0.6918189039038135,1.5377410309472639,0.5607625099285147,1.2536855678978753,0.5830023828671981,1.2668876863359173,0.5571882446622735,1.2890518283541,6.503941008361016
74,0.7540019601242716,0.6407870269413674,0.9754982032015681,0.07862240242656682,0.7430578242793888,0.7121150214778796,0.7827507350344317,0.609951102433739,0.8056190787519126,0.5420728549580293,2.606905582098352,0.6008737093404326,1.116681850197961,0.6886417792135047,1.447648630196072,0.5373312152501986,1.275135090561307,0.5734710087607644,1.3128386799592267,0.5691024622953156,1.263684956870257,6.439337711849319
75,0.7669062398298626,0.6095000644090012,0.9790918000653381,0.059601548310287564,0.7345638679780434,0.7385925910940984,0.7892845474945412,0.5939527713017929,0.8167265599672018,0.512794254516239,2.537789365506102,0.6072279586973789,1.102648243450096,0.7021445591857833,1.562632648254977,0.5599682288003214,1.21901522286834,0.5524225576090567,1.3909927679253913,0.5611596505399542,1.3358780119606575,6.634508368891321
76,0.7657628226264634,0.6316438059875367,0.9782750735053904,0.0631028471293865,0.7396275726886639,0.7174526592244981,0.7817706631624944,0.603403935826553,0.8111728193595572,0.519470578780637,2.558412412458368,0.6250992851706134,1.0827214699874708,0.6906274821405093,1.5810123356466161,0.5480540111672793,1.2488932544698406,0.5687053217075475,1.3584597624418184,0.5655281970054029,1.3000407827643765,6.594453370410171
77,0.7592290101663539,0.6373096014385479,0.9795818360013068,0.06121305967437516,0.7329304149360371,0.734664808551068,0.7789937928976167,0.611499123131672,0.8111728193400849,0.5058250212661584,2.5738432338057837,0.6004765687526645,1.09057440831843,0.6882446386139008,1.5001964375820172,0.5337569500076288,1.2974568160045137,0.5683081811197794,1.305380143846568,0.5814138205161258,1.3320739728482212,6.549010819911578
78,0.7595557007513885,0.6187730965681304,0.9797451813132964,0.06370959112977692,0.7393008820257402,0.7076326865594553,0.7909180006728536,0.5877537981858638,0.8183600130481526,0.5212028453997326,2.5223974445916904,0.5945194598414578,1.1058105417779507,0.6906274821523449,1.520219706648105,0.5444797458300238,1.2622329254440128,0.58260524227943,1.3040698747771235,0.554408260547897,1.3182152056144854,6.533858817375492
79,0.7740934335379303,0.5927650036082787,0.9810519438092127,0.05214980113833786,0.7494282913885643,0.6840797387786411,0.787324403770139,0.5819422258773064,0.8240770989677868,0.49143034312235145,2.4256739633529647,0.5754567116759333,1.1675393374265424,0.6890389198012727,1.7241909289219386,0.5496425734828444,1.2738618637665196,0.5488482923073084,1.3737754673594231,0.5762509928751408,1.355909571323819,6.918579577642173
80,0.7719699444625939,0.5999572578694687,0.9803985625612545,0.05997398281741488,0.7419144070370453,0.68981333391918,0.794838288121658,0.5729438010012936,0.8199934661680481,0.4978452781102736,2.443829695799116,0.585385226370135,1.1387943571597645,0.7045274027123917,1.6621962845358942,0.5293884034948372,1.3288648402387893,0.5734710087607644,1.3140882940591565,0.588562351095951,1.311539113148751,6.778780330827636
81,0.7682130023257789,0.6031378104537969,0.9789284547533486,0.06001341298179718,0.7458346945637389,0.6862468826190509,0.7915713819208117,0.5868235127632231,0.8206468474549509,0.5021477614458539,2.4616634057495803,0.5869737887212073,1.1070060477946382,0.6934074662548858,1.548337820575557,0.5385226370135028,1.3239567856924983,0.5738681493485325,1.2883663746314544,0.571485305821924,1.2905408015224649,6.581497063231525
82,0.7750735054098675,0.581644441247259,0.9792551453773277,0.05531153409587296,0.7528585429987616,0.6753156350859237,0.7958183600130676,0.5661649244823163,0.8275073505195673,0.48915027169104847,2.3908731030779156,0.603256552867041,1.13525618251925,0.7084988085900724,1.5011644500676773,0.5488482922954726,1.2924609741017021,0.577442414638445,1.341360508874828,0.5810166799046863,1.3353858198363977,6.6289056411709835
83,0.7716432538580871,0.5965465405376001,0.9813786344331917,0.0556205652553004,0.7443645867168884,0.7019903990265124,0.7930414896703007,0.5849286792559469,0.8266906239596196,0.49722282431243253,2.4595766724110115,0.614376489324547,1.0812962833641067,0.6938046068426538,1.595390794810082,0.5440826052422557,1.2832767366889548,0.5635424940665626,1.360521721262322,0.5694996028830837,1.3225312987852893,6.666277397426941
84,0.7794838287751685,0.5709012335945834,0.9815419797451813,0.05489443100879562,0.7435478601374684,0.6944757565948473,0.8010454100162053,0.5564751759225035,0.8288141130349559,0.4763677084185025,2.376363789011006,0.5949166004765687,1.1104022405710223,0.7025416997735514,1.4752708352583748,0.5540111199838004,1.2941109554174877,0.5746624305240685,1.3144509656927337,0.5476568705440041,1.3788859679217942,6.596365400303727
85,0.7737667428750067,0.5830140664311882,0.98203201568115,0.05704034028971505,0.7515517804444284,0.6863716322586685,0.8005553740412922,0.5515380424442186,0.8213002287029091,0.5039350568800337,2.405125103834913,0.5953137410643368,1.1452256727422203,0.6930103256671177,1.5614010621588292,0.5274027005796682,1.320679732643488,0.5833995234431304,1.3343129599373713,0.5472597299680717,1.3691419622934082,6.753985694706487
86,0.7745834694933712,0.5740817804540618,0.9848088859849722,0.05407251256434358,0.7621692257821657,0.6590597718340709,0.8057824240639022,0.556238019721487,0.8304475661353791,0.4869618078767377,2.353634068328,0.605639396369978,1.1542715629928164,0.6938046068426538,1.5623876028949881,0.5496425734710088,1.2784813440584588,0.5655281970054029,1.403623183891828,0.5655281969935673,1.3607882679017693,6.782771320358167
87,0.7819340084744839,0.5748464178314633,0.9843188500490035,0.044465884941234005,0.7564521398625316,0.6831606330726708,0.8028422084091458,0.5475360402598252,0.8312642927342714,0.48221581383726636,2.355432904572784,0.5972994440150128,1.0998648917502216,0.6977760127203345,1.5720074336733931,0.5393169181890389,1.3187458989542566,0.5722795869974602,1.3576076464628397,0.5734710087607644,1.3070570415121114,6.678475396797901
88,0.7799738647306094,0.5645843290963308,0.9812152890822576,0.05832432028032797,0.7502450180069289,0.6806650590522739,0.8059457693174749,0.5435588910411441,0.8281607317480532,0.4811357884664467,2.3514465976485783,0.6092136616362193,1.0983022565748528,0.7017474186098509,1.4784629381674352,0.5198570293884035,1.332250574167235,0.5671167593564752,1.3763496609696138,0.5798252581650535,1.3220852799979914,6.630624798008902
89,0.7824240444493972,0.5772634226292109,0.9825220516171186,0.05693255513892502,0.7638026788825889,0.6638235381248534,0.8052923881279336,0.5510341651842353,0.836327997386475,0.46037914043633776,2.332597140820343,0.6024622716678335,1.11226641713413,0.7049245433001597,1.4727837565586794,0.5579825258378096,1.3013249348798757,0.577045274050677,1.3057152549954423,0.5766481334629089,1.3761457914132935,6.591384695862095
90,0.7845475334663167,0.5763070977462424,0.9846455406729827,0.055140396308626737,0.7593923554491351,0.6693776519576617,0.8087226396991863,0.5345474314705214,0.8284874223915045,0.4778939142058932,2.3364055898212133,0.5893566322714872,1.177659534458648,0.677918983331931,1.599084447443151,0.5277998411674363,1.359307680459511,0.5718824464096921,1.3633079881749521,0.5476568705558398,1.4048665895454462,6.927360649048288
91,0.7925514537538044,0.5519408972502455,0.9831754328650768,0.04588416380751768,0.7615158445147353,0.6515257098011937,0.8069258411894122,0.5221006327577371,0.8392682130217591,0.45613411858517217,2.2507143288568434,0.6064336775455141,1.0916191877862342,0.7084988085900724,1.5970635481527335,0.5500397140587768,1.290704264727919,0.5746624305240685,1.3165640711452964,0.5683081811079438,1.38396473263255,6.703040256682041
92,0.7874877491210731,0.55378417854253,0.9846455406729827,0.047821952055070956,0.7600457366484125,0.6433061500539659,0.803005553701663,0.5450373307936568,0.8377981051554364,0.459899300338785,2.2729601268089117,0.6092136616598907,1.128336944733469,0.694996028605958,1.6722875818837843,0.530579825269977,1.3764663366120045,0.5643367752420988,1.430845250441405,0.5643367752420988,1.3677157982177826,6.998750709748817
93,0.791571381940284,0.5521438667798346,0.9821953609931395,0.053041941055964534,0.7629859522642244,0.6489800456953921,0.7982685396929108,0.5573427074974325,0.8384514864618113,0.4607476753099648,2.295347174722671,0.6254964257583815,1.0423549344656637,0.6945988880181899,1.456537968430182,0.5504368546938877,1.29480837682015,0.5766481334629089,1.3285135473402083,0.5516282764335205,1.3669023782938032,6.512211448148284
94,0.7891212021825517,0.5439661658694253,0.9831754328650768,0.049219704972564206,0.7691930741392994,0.6349404873858866,0.811662855237109,0.5350941093051328,0.8337144723946422,0.4780494385550747,2.2643567756358722,0.6215250198807009,1.1464943495224733,0.706115965063464,1.5617251205016849,0.5472597299562361,1.2780978071301394,0.5718824464096921,1.3719182625188062,0.5635424940665626,1.3394922656351087,6.720808883618513
95,0.7891212021825517,0.5384688983552404,0.9831754328650768,0.047697094675752554,0.7742567788499198,0.6260662014890986,0.8154197974518131,0.5255879377718067,0.8368180332834991,0.4706954970683237,2.231581443238593,0.6092136616598907,1.1155425706305753,0.698967434471803,1.5675047770152637,0.524225575865688,1.342978918689693,0.5706910246345521,1.4035515575251758,0.5587768070015101,1.417366661746839,6.870006121937673
96,0.7976151584838972,0.5371118725339247,0.9849722312969618,0.04525881693187366,0.7629859523226412,0.6443940016402407,0.8074158771837977,0.5296422648531126,0.8301208754919277,0.4809131416687191,2.2603660392745653,0.5905480540347914,1.1644574050096954,0.6910246227164416,1.7041124767210822,0.541302621139715,1.3341968446567571,0.5512311358457525,1.385146034720211,0.5555996822993655,1.3701787709100934,6.981126254659688
97,0.8046390068799754,0.5391608721989504,0.9880757922442355,0.036339710095698446,0.7726233256716075,0.6456624271043256,0.8154197974128686,0.5186462273437266,0.8405749755371478,0.45466114858598033,2.2174954221981564,0.6096108022713301,1.1076000981103862,0.7200158856353465,1.6170280861224022,0.5559968228752978,1.3185016198987711,0.6032565528433695,1.3317398727768655,0.5738681493366967,1.3240523277600669,6.721942248658778
98,0.7979418490689317,0.5240875134005417,0.9900359359686377,0.039271156934857096,0.7605357726038534,0.646136262571839,0.8090493303231654,0.5303923517261132,0.8382881411303496,0.4647948471954039,2.2276903985567786,0.6115965052101705,1.0917087891336967,0.6942017474304218,1.746530573388074,0.5500397141061196,1.3216993638312087,0.5659253375813353,1.370671949067506,0.5790309769895173,1.349325479224999,6.902944300646248
99,0.8038222803395,0.5172405309709838,0.9905259718656618,0.030792052126522928,0.7776870304017003,0.620856885503453,0.81574648805632,0.5142344236373901,0.8456386801698791,0.4361348634342943,2.1422648355097054,0.6036536934074662,1.1171682645510173,0.6902303415527412,1.8319681820820422,0.5480540111317722,1.3012653380703414,0.5631453534551231,1.397157395520411,0.5619539317154904,1.3631702261703937,7.033720173847117
100,0.8021888271417154,0.510146525673561,0.9900359359686377,0.03473952559953292,0.7718065991311321,0.6227474365990678,0.8097027114932345,0.527523153418616,0.8498856583010796,0.4226837765446133,2.140823663390956,0.6084193804843545,1.1126673856019276,0.7009531374224791,1.65716750720872,0.5393169181890389,1.3084271294290437,0.5623510722914227,1.3647303784575322,0.5786338364017493,1.382861973157092,6.848829233428615
101,0.8025155177656944,0.5144088116785702,0.9900359359686377,0.03548362344616478,0.7631492975762139,0.6475891041740098,0.8119895459389772,0.5151375006009301,0.8379614505258427,0.46194813158807313,2.197530412159882,0.6040508340189057,1.1740575736304235,0.6981731533081026,1.8503153767782303,0.5532168387609213,1.2433620432334063,0.5774424146266094,1.3309975103715566,0.5694996028830837,1.4072535433395927,7.028951169764645
102,0.812479581816529,0.5058329960210227,0.9870957203138813,0.043935311206810025,0.7600457366678848,0.6560715309586723,0.817543286488205,0.5125463239627116,0.8410650114731164,0.4421623318618281,2.1835149467010897,0.5976965846146166,1.1639498877919754,0.7124702144677532,1.5880488757586644,0.5131056394436891,1.3286428781044304,0.5837966640427342,1.3274968702041317,0.55996822877665,1.3689343983379973,6.800038600555008
103,0.8028422084091458,0.5281160317071705,0.9895459000326691,0.03885722425423285,0.7654361319440676,0.635165171543783,0.8275073505000949,0.5006654082424148,0.8431885004510914,0.44288883593611295,2.168644235789172,0.6060365369814175,1.1248114760950314,0.7061159650516283,1.6526599944515012,0.5432883240903911,1.3149962162479132,0.5532168387727571,1.4058831429509913,0.5691024622953156,1.4361348706545387,6.95742661466288
104,0.8118262005490986,0.5118837826141381,0.9882391375367527,0.041678278118193614,0.771479908507153,0.6248784643183811,0.8137863443124453,0.511573706702133,0.8516824567329646,0.43130649773757546,2.144260013154113,0.5889594916837191,1.1949796115918894,0.7021445591857833,1.7886652483151013,0.5643367752657702,1.283429576538213,0.5980937252023847,1.3346281355576821,0.5607625099403504,1.4213086084490072,7.045963588832767
105,0.8090493302647486,0.5054457641161957,0.9870957203528259,0.03629649190566856,0.7688663835347925,0.6378332586780712,0.8253838614831754,0.4950040792550421,0.8464554067492991,0.4442121763803413,2.141735448630095,0.617156473415252,1.1651311533810753,0.6997617156591749,1.7747753698799085,0.523828435313427,1.3715808959685212,0.5746624305122329,1.3988811318437857,0.565925337593171,1.3936404026245863,7.126939542147732
106,0.8132963083570045,0.5075439545345711,0.9888925187457663,0.04328431039072293,0.7745834694154821,0.6222901278190931,0.8144397255409312,0.5107197478506075,0.8420450833255814,0.448161880503056,2.1549301590649996,0.6187450357899957,1.1742560350603548,0.7140587768188253,1.634803268863944,0.5615567911277223,1.2584185518377635,0.5782366958021454,1.378752970738104,0.5722795869974602,1.421675090424308,6.890821750624204
107,0.8172165958836981,0.4964130178303237,0.9879124469127736,0.046137672585300785,0.7709898725906567,0.6166560668565214,0.8208101927669404,0.5017632026564877,0.8492322770433852,0.42851372973975776,2.11239734968692,0.6235107228195411,1.1498706071838039,0.7009531374343148,1.6778076946726321,0.5397140588004784,1.3339387746298474,0.5667196187687071,1.4582347339869872,0.5647339158298668,1.4072484737639392,7.0500188315075665
108,0.8100294021561582,0.4981735311509425,0.9900359359686377,0.03125751667208876,0.7703364913621707,0.6280684849087299,0.8206468474549509,0.49996812610951796,0.8511924207385791,0.42757271154765714,2.1079536158833694,0.6104050834468663,1.1489732796363266,0.7132644956432892,1.672701955105698,0.5385226370608456,1.3164617112461208,0.5555996822993655,1.4206792606873773,0.5619539317036546,1.4235722104100788,7.005297450625394
109,0.8177066318001945,0.48853720868190725,0.9885658281607318,0.03766362244504697,0.7747468148053608,0.6137591444834585,0.817706631839139,0.5020926031109088,0.851192420796996,0.41939531818241593,2.0843547151510093,0.617156473415252,1.1287158101270414,0.7096902303533766,1.6817825777529607,0.5548054011119936,1.2930965426424554,0.5691024622953156,1.414993989718538,0.5881652105081829,1.372826745578275,6.914336314553585
110,0.8155831427248581,0.48900495274360567,0.9864423391048677,0.04454567431416211,0.7750735053903953,0.6233595373271454,0.8183600130870973,0.5054793637276319,0.8518458020449542,0.427648232268259,2.112951226033482,0.6044479746303453,1.1245433470497619,0.7084988086019082,1.4811232887127832,0.5381254964257347,1.3275366425514221,0.5794281175772854,1.3451018610035643,0.5734710087607644,1.3843271619180917,6.685538965525184
111,0.8195034302126072,0.47580293770204063,0.9882391375367527,0.03173816921604901,0.7812806272265258,0.602938415353028,0.8234237177003563,0.4931666840626032,0.8502123488861141,0.42658739733914075,2.053136652959246,0.6104050834231949,1.1372461947090953,0.7148530580061973,1.6012213533367692,0.5516282764098491,1.3016502586880594,0.5869737887330431,1.4152290204494031,0.5790309769895173,1.3908151034635623,6.8690466199061335
112,0.823097027134794,0.4822517586023112,0.9888925187847108,0.03914737019473776,0.7785037569811203,0.6143202272087716,0.8253838614637031,0.4887484256658863,0.8587063050900983,0.41527496030014427,2.0626156354643714,0.6143764892890399,1.1145248675357915,0.7053216838879278,1.531200482333955,0.5353455123350297,1.3296738466494986,0.5698967434708517,1.3907910101086114,0.5444797458536953,1.4299510301958482,6.819006917588383
113,0.8229336818228046,0.46394503580047897,0.9888925187847108,0.02962820579917143,0.7768703038320164,0.6188877368822319,0.8333877817901355,0.4726482807752627,0.8564194707806614,0.41336491809137427,2.021336960893797,0.6040508340189057,1.1642637454606504,0.7096902303533766,1.698042068299866,0.5158856235107228,1.3770146445682638,0.5687053216957118,1.4458191169809027,0.5691024622834798,1.4138339227856958,7.121833411732584
114,0.8132963084154213,0.4888227130415704,0.9874224109378604,0.04598146912139999,0.7840574975108757,0.5985965038078044,0.8193400849590345,0.49591326161522914,0.8542959816663805,0.4158082040977883,2.067976490339786,0.5988880063779208,1.1386425881702054,0.7049245433001597,1.6603628945183413,0.5357426528991263,1.343789865186614,0.5591739476011138,1.435211350619083,0.5559968228871336,1.4563942122331586,7.057247652905247
115,0.8279973864360636,0.46117588153795963,0.9901992812806273,0.03217448619334872,0.7912446913163049,0.5911068323779363,0.8227703364523982,0.4918720292055852,0.852009147376416,0.4174898718938606,2.0166497189248553,0.6119936457742672,1.1024038190402332,0.7128673550436855,1.6368883362941307,0.5325655281969818,1.3541581990985856,0.5814138205161258,1.3829717497157141,0.554011119960129,1.4763288104357797,6.975575133104756
116,0.8211368833325027,0.48030488506052005,0.9893825547206795,0.0349923234830942,0.7804639006860503,0.6084825061030421,0.8203201568309718,0.4906258692600415,0.8572361973211369,0.41964961571831283,2.0568540053443947,0.6000794281293893,1.2165872065366687,0.7041302621364594,1.731774469587517,0.5563939635104088,1.2961030918468646,0.5837966640427342,1.3742557086458842,0.5714853057982526,1.4268386979440169,7.068340689535648
117,0.8294674942439695,0.4607751620279267,0.9882391375367527,0.03879626228548613,0.7814439725774599,0.6026470439958245,0.8252205161906582,0.4930689313352517,0.8508657301730169,0.4164579279066028,2.0345167927164067,0.6024622716678335,1.176345279980288,0.7084988085900724,1.5972616555453194,0.5492454329069121,1.3222736360725664,0.5750595711118366,1.438186984293228,0.5575853852382059,1.4397814696014068,6.996592398197334
118,0.8297941849068932,0.45565615066688303,0.9897092453446587,0.026789824217404716,0.7886311662855277,0.5799943473712169,0.8312642926758546,0.4875583005804363,0.8613198301403479,0.4053798317519795,1.9781105829508077,0.6115965051628276,1.1407459275035086,0.7033359809490874,1.7438533196863477,0.5448768864651348,1.3250904778008237,0.5563939634867373,1.4779772998926373,0.558379666413742,1.4599359814518496,7.170322662880726
119,0.8162365239922886,0.48683137398691434,0.9905259719046063,0.037021813725168544,0.7835674615749071,0.5900338765395619,0.8324077098597813,0.4777827761514792,0.8585429597781087,0.40637487864346333,2.0207547206031227,0.6183478951548849,1.0885062491649953,0.7144559174065934,1.6558293636113257,0.5488482922954726,1.3243538750079626,0.5671167593328038,1.4374296143236758,0.5818109611038939,1.394950635535931,6.9237742085036444
120,0.8322443646062087,0.46419313952097974,0.9903626265926168,0.03542280470249995,0.7884678209345936,0.5864334408265631,0.8327344005032328,0.4798287209908349,0.8515191113625582,0.42265550390114703,2.011234971519702,0.6199364575296286,1.090312432306889,0.6981731533081026,1.6386628614447916,0.5381254964257347,1.3237728218505835,0.5778395552262131,1.37053697780544,0.5623510722914227,1.4135335205541517,6.859524038313304
121,0.8314276380073163,0.460739641534624,0.9923227703364913,0.02419000284226727,0.7894478928649477,0.5954590497337031,0.8350212348516141,0.47450649677947704,0.8549493629143387,0.4209527507088458,1.9985535927980953,0.6076250993088184,1.1655044459276984,0.7029388403613195,1.8549115508072853,0.5571882446622735,1.3338384720141023,0.5742652899363005,1.4215541086777324,0.5627482128910265,1.4274185770993861,7.225933287804613
122,0.8325710551912432,0.44909541075699316,0.9897092453446587,0.03312232322394519,0.7896112381769371,0.5707766587576107,0.8335511270826528,0.4665694879827372,0.8547860176023492,0.41054367068856806,1.9528097451336826,0.6044479746066738,1.1816824989939276,0.7013502780102472,1.7230256123468881,0.5365369340983338,1.3480332743752277,0.5591739476011138,1.418107687125043,0.5571882446386021,1.4194419250939696,7.112986001824462
123,0.8360013067235513,0.4453138343914394,0.9939562234563868,0.01787341753032399,0.7999019928322786,0.560276872423964,0.8449852989024487,0.45064394696402965,0.8624632472658578,0.3869396652107494,1.883732001012698,0.6131850675612428,1.0974400725076603,0.7152501985939653,1.740628132306406,0.5480540111436079,1.3294709465918415,0.5925337569736318,1.3755055565011227,0.5615567911040509,1.4661325082313077,7.031848438776515
124,0.8366546880104541,0.44249306193454635,0.9926494609604705,0.026796290698023115,0.7812806272070535,0.5808234226027956,0.8374714145314572,0.461083530211363,0.8639333551321805,0.3985454186393092,1.9324018893308867,0.6088165210721226,1.1974478892484905,0.6846703733239882,2.0463452765221892,0.5524225575972209,1.3188136452313355,0.5750595711000009,1.4109052855335027,0.5496425734828444,1.4766546918628138,7.472801062680124
125,0.8412283567656337,0.43734958607244634,0.9931394968964391,0.02392841829934254,0.7830774256778831,0.6043016050608475,0.8343678536620728,0.46651787932734595,0.8570728520286196,0.3988791209095173,1.9535990078361234,0.5961080222517087,1.170493040257522,0.706115965063464,1.8342144073972277,0.5643367752184273,1.2836772036325184,0.5619539317036546,1.4660433543057456,0.5691024622953156,1.4499620382183596,7.226999904732557
126,0.8374714145898741,0.4390449513897558,0.9897092453446587,0.02983734711834602,0.7814439725774599,0.591990808652375,0.828487422430449,0.4890971092743953,0.8578895785885673,0.4161424431408281,1.9887224377778885,0.6096108022476587,1.1626001033502278,0.7069102462390001,1.9200002429412542,0.5706910246700593,1.2806835578868463,0.565925337593171,1.4266421892891052,0.5742652899363005,1.4584729915175578,7.271010478021987
127,0.8346945442860518,0.43110781151537253,0.9923227703364913,0.02751228087028934,0.7935315256257417,0.5683942447492244,0.836818033341916,0.46304316038362575,0.8613198301208755,0.4010385063369459,1.9137177732948072,0.5937251787369359,1.1942893519237152,0.7069102462390001,1.82932743342024,0.5440826052659272,1.3354798645088841,0.5726767275852283,1.4560548841621879,0.5766481334629089,1.4188159823393993,7.2565806258567465
128,0.8430251551975186,0.42735976895955763,0.9923227703364913,0.03134313659276099,0.7958183599935953,0.5728335371596951,0.8332244364197291,0.45985445523332125,0.8613198301403479,0.3815415786863425,1.8955291180546787,0.6052422557822099,1.215105337469533,0.7049245433001597,1.819919011548053,0.5393169182363817,1.3720988239723126,0.5694996028712479,1.492559297133098,0.5710881652104846,1.4511218443054283,7.373396347021659
129,0.8395949036262659,0.42976306103795464,0.9919960797125122,0.030377324734801946,0.7967984318655327,0.5647173214488386,0.8418817379941196,0.45984797895305185,0.8605031035219832,0.40512979197097115,1.9124264749815478,0.622319301056237,1.1323822463520101,0.7084988085900724,1.7438866503125512,0.5472597299444003,1.3393864242021198,0.5933280381373321,1.3864809032485208,0.5833995234549662,1.4168615292127498,7.041570078673298
130,0.8355112708265273,0.43211174476617925,0.9934661875204182,0.018497499976582024,0.7954916693501439,0.5680740525698358,0.8338778177066318,0.46012726139882076,0.8681803331854919,0.3904143033980622,1.8917927000500026,0.6163621922397159,1.1788263967566968,0.6989674344836387,2.132306422645412,0.5428911834789516,1.3525831697951052,0.5440826052540915,1.5694857450990662,0.570293884046784,1.4566295026040343,7.712393821848111
131,0.8389415223783078,0.4325632992152177,0.9918327344005227,0.026891026837242867,0.7874877491210731,0.5837447572011489,0.8428618098271123,0.4587775368544059,0.8567461613851682,0.41213933351440235,1.9366844042342148,0.6064336775455141,1.185591726988477,0.7112787927044489,1.8262187847172007,0.5428911835262944,1.3656969467877773,0.5734710087607644,1.4091274247248085,0.5611596505399542,1.4278761732219656,7.237075545467774
132,0.8426984645151228,0.4373220475971679,0.9921594250245018,0.029289861613094888,0.8023521724537049,0.5637918098597541,0.8433518457825532,0.4566237297918001,0.8591963410844837,0.38960435219311085,1.8991814187756164,0.6111993645868953,1.1398296978093856,0.706115965063464,1.8530003684263048,0.5718824464333635,1.3250706986930278,0.5698967434708517,1.438596224268814,0.562351072279587,1.4693937153985237,7.248438306040382
133,0.8387781770857905,0.42947103256923785,0.9906893172165959,0.03865139575514651,0.7925514537732767,0.5750507522022673,0.8381247957794155,0.4658308190940759,0.8608297941654346,0.4020103314019465,1.9335641023653936,0.6008737092930898,1.2549640207082244,0.7069102462390001,2.041794894974988,0.5607625099521861,1.3166387322121333,0.5750595711118366,1.450739713496661,0.5671167593446396,1.4859939065922385,7.572667581112826
134,0.8456386802088237,0.4209706598697477,0.9928128062724599,0.02557801669846,0.7915713819013395,0.581594153970957,0.8356746160995723,0.4597104792353843,0.8714472394836996,0.3722895948725641,1.8826677616185434,0.6163621922397159,1.152023326695066,0.7132644956432892,1.8967660908763706,0.5714853058455954,1.2951291225513264,0.5818109611038939,1.427191363299906,0.5595710881770461,1.5425374710827333,7.336166944268964
135,0.8446586082589973,0.4251554211694717,0.9931394968964391,0.025173450695527348,0.7914080366088222,0.5701433311720683,0.8366546879715095,0.4510670334090987,0.865566808252076,0.3934741997126854,1.887523041017614,0.6036536934548091,1.2075652357877318,0.6918189039038135,1.9598519223503188,0.5198570294120749,1.438870520748914,0.5595710881888819,1.4621391178147958,0.5750595710881652,1.5006097501189677,7.591536210206314
136,0.840411630205686,0.4291551673881605,0.9921594250245018,0.024468361499548653,0.799738647520289,0.557202081807257,0.8389415223588355,0.4448575837983683,0.8678536425615128,0.3728970349983856,1.851069317032254,0.5992851469420175,1.2404733071517202,0.7140587768188253,1.769428895733904,0.53733121527387,1.3703548423679601,0.571088165234156,1.4479621342539408,0.5663224781691034,1.4537106596164233,7.30441567100543
137,0.8420450833061092,0.43370699540768837,0.991342698464554,0.027248918444340027,0.8008820646847435,0.5470629909952962,0.8394315583142764,0.4619243384546721,0.8670369160015651,0.38205075532694494,1.8744671677733045,0.6008737092930898,1.2236803640715772,0.7017474185980153,1.8183893166516412,0.5599682288003214,1.323361031113398,0.5687053217075475,1.4789122646531006,0.5698967434708517,1.5061709478651368,7.3729776374113944
138,0.8502123489250587,0.415785610481089,0.9937928781443972,0.020553726095387158,0.7985952302974176,0.558088831245724,0.8440052270694559,0.44795037632244,0.8675269520154228,0.39364649434274257,1.8584922695035289,0.6048451151826062,1.1236439076998672,0.6945988880300257,1.8991098402673119,0.5381254964257347,1.3469549110714076,0.5575853852500415,1.5122259405986764,0.5595710881888819,1.541767745973384,7.446158465930069
139,0.8489055864291423,0.41513876355539464,0.9929761515844495,0.026158265682906478,0.8028422083896736,0.545274029167327,0.8502123489055864,0.42914618699111917,0.8618098660568442,0.39895921435885007,1.8371258346483779,0.6127879269379676,1.1353862341064325,0.7084988085900724,1.680175833050522,0.5444797458300238,1.3505927898090353,0.571088165234156,1.443213622753728,0.5762509928751408,1.4032754380022183,7.035097596567713
140,0.8456386801698791,0.41573564224833565,0.9936295328324077,0.022553300056021366,0.8052923881084613,0.544398991510939,0.8395949035873214,0.45678798949278404,0.8608297942043792,0.39053372770051326,1.8524509744292106,0.6159650516519478,1.1841589645493695,0.702541699785387,1.9371645183683772,0.5615567911040509,1.3178179987348952,0.5830023828671981,1.443125717051925,0.5698967434708517,1.4240092166578893,7.328703272238528
141,0.8498856583205519,0.41121973661533645,0.9926494609215258,0.0303494944435472,0.8072525318133913,0.5323008529863806,0.8389415223588355,0.4531051994187892,0.8672002613719715,0.37985367338394893,1.8292319836160087,0.6179507545671168,1.1586786000157179,0.7077045274145363,1.7752001253120266,0.5619539317391617,1.37416107515857,0.5802223987528216,1.3937726218232662,0.5464654487925356,1.4288829297087702,7.153086613245291
142,0.8551127082652727,0.4132345261010264,0.9939562234563868,0.02238819650726064,0.7972884678404458,0.5585731318167556,0.8469454426268509,0.4361734221385453,0.875530872263966,0.36680919367896697,1.819568878721856,0.6119936457979386,1.1994463699330546,0.6914217633160454,2.1317869004998635,0.5651310564413063,1.3109250681754423,0.5484511517313759,1.5020377625066956,0.5563939634867373,1.518195032469804,7.684786352872659
143,0.8544593269978423,0.3992404485305748,0.9918327344005227,0.024179460883819545,0.7990852662723308,0.5565822168683273,0.8462920614178373,0.4350955876911516,0.8658934988565828,0.3728571660288484,1.810351788432954,0.6243050039950773,1.1267751853549122,0.7112787927162846,1.8270450309707955,0.5516282764571919,1.3336425756442347,0.5730738681729963,1.4269514096171445,0.5663224781809391,1.4435315770322694,7.1803457371482216
144,0.8495589676186837,0.4081340228681742,0.9941195687683764,0.019189747406183514,0.8097027115711236,0.5336166247360381,0.8485788957467464,0.4404458853689061,0.8694870956814083,0.3663351052811589,1.7901173255989575,0.6262907069102462,1.1526383292847229,0.7057188244756959,1.8437482949087518,0.5607625099758575,1.3480558612215983,0.5730738681729963,1.4358168470068902,0.5488482923073084,1.4620139239810117,7.264657682611224
145,0.8480888598107778,0.41277828310214393,0.9934661875204182,0.02096344689156183,0.8059457693758918,0.5389725555784755,0.8412283567656337,0.43666685783212694,0.8730806925646506,0.3650818813746757,1.7968415315927768,0.6024622716915049,1.2003434930541172,0.6989674344954745,1.9170402401802678,0.5484511517313759,1.3432393379633725,0.5663224781809391,1.4596230824898877,0.5655281970054029,1.4524201490251292,7.395037830207346
146,0.8528258738974192,0.40324693603994255,0.9933028422084286,0.02469846632445216,0.8057824240054854,0.5373371982255117,0.8425351192031332,0.4473798140975939,0.8747141457234906,0.35901431856650773,1.7940468921726804,0.617156473415252,1.208509308440615,0.7200158856353465,1.8568700307960437,0.5436854646781591,1.3891339020373046,0.5889594916837191,1.4064906442136969,0.5746624305122329,1.4421216938659442,7.325485103749585
147,0.854132636354391,0.40238748722043705,0.9939562234563868,0.02417580752220176,0.8061091146489368,0.5357445723400596,0.8511924207580515,0.4234410605080881,0.8689970598038564,0.37940728770522114,1.7875150505603041,0.6072279586973789,1.2194378078575643,0.700555996834711,1.8653307235377041,0.5563939634630659,1.3533857160849265,0.5635424940665626,1.5004604507098602,0.5706910246345521,1.4194552223209211,7.380438801975266
148,0.8578895785690951,0.39250121008372313,0.994609604704345,0.0183280007528834,0.8000653381442681,0.5420857605222237,0.8446586082589973,0.4316116292486001,0.8693237504278356,0.36949246914431144,1.7763796180574305,0.6143764893008755,1.1804972995809375,0.7148530580061973,1.8502139472625476,0.5611596505162828,1.3538295652205456,0.5607625099521861,1.4768267967002178,0.5663224781572677,1.4442622086079089,7.32798517952844
149,0.8426984645151228,0.4212116694302389,0.9931394968964391,0.024468945280002444,0.8111728193400849,0.526942491102982,0.8482522051227673,0.4218127059219944,0.8685070238484156,0.3811386623333109,1.797927447605351,0.6068308181096108,1.2269200143257097,0.7041302621246236,1.850664924496949,0.5416997617156474,1.432087643833933,0.5579825258378096,1.5453947198542457,0.5667196187687071,1.5296850793827044,7.607092477860576
150,0.8591963410455391,0.3961953061618512,0.9921594250245018,0.028506769544887782,0.8028422084091458,0.5506243510442558,0.849068931682715,0.4372896206550293,0.8675269519764782,0.38101935548277627,1.8159664437413332,0.610802224010963,1.2296138184353698,0.6961874503692622,2.054119799108869,0.5651310564176348,1.366649708925873,0.5758538522873727,1.4846249853125444,0.5619539317036546,1.4472784966443435,7.6046156644631795
151,0.8578895785301505,0.38794325107610605,0.9937928781443972,0.023878113472335094,0.8054557333815062,0.5382227475631085,0.8433518457825532,0.43679692161235106,0.8698137863053874,0.36443630559932794,1.773607336824449,0.6247021446065167,1.1601905749609207,0.7025416997735514,1.9668646692479472,0.5416997617629902,1.3851058065323152,0.5694996028830837,1.4629510252176532,0.5635424940665626,1.5188217589467456,7.516256256459534
152,0.8572361973016646,0.4040358703399709,0.9933028422084286,0.023268295037711505,0.8105194380921268,0.523315246842804,0.8482522051617118,0.41325028469966774,0.8778177065928751,0.3583834144715506,1.7445626600004418,0.6108022239872914,1.1887260721471218,0.7033359809609232,1.9906367484169432,0.5611596505162828,1.3870970931220756,0.571485305821924,1.4898062527380924,0.5722795869974602,1.4473031854539564,7.525869406244886
153,0.8531525645603428,0.3971711803557475,0.9928128062724599,0.026927102740066634,0.8090493302452763,0.5132289726441688,0.8582162691541296,0.41667178163182617,0.8707938582162692,0.36232303837493757,1.7386258605335787,0.6179507545907882,1.180633864423957,0.7180301826965061,1.7289242927774735,0.5504368546465449,1.4046632313037126,0.5504368546583805,1.5059951388760158,0.5595710881770461,1.486846750168643,7.329357016929281
154,0.8640967004441701,0.3732809720573687,0.9946096046654004,0.014948018488919223,0.8157464881147368,0.5270252713811276,0.8489055864291423,0.42981660402082067,0.8717739301076788,0.3540815678405357,1.721437120702445,0.6159650516519478,1.1932813911843005,0.696187450381098,1.9007570806156682,0.5552025416997617,1.3501159383177852,0.5647339158298668,1.5056177219220623,0.5536139793605251,1.524265865522353,7.496317060340293
155,0.8588696504605047,0.38861882863812724,0.9955896765762823,0.022079242997792355,0.8132963083570045,0.5266231301659581,0.8477621692257432,0.4386983845469337,0.8796145050637046,0.3452053717059156,1.7434955511713137,0.5984908657901528,1.2412476482948347,0.7104845115289128,1.8030140241912815,0.5555996822875298,1.3841790063595185,0.575456711687769,1.4577868308093787,0.5635424940547269,1.5026634953933826,7.4111595333711415
156,0.8655668082326037,0.3911383091936077,0.9949362953283241,0.022150715534468984,0.8195034302126072,0.5045762053991758,0.8448219536294037,0.43871527698471513,0.872100620673241,0.3658245084664277,1.744659342745557,0.6247021446065167,1.1576693913528757,0.7100873709411447,1.8550609024418536,0.5595710882125533,1.3609389440467947,0.5619539317036546,1.4889467613530405,0.5738681493366967,1.4447721285690762,7.329633333647033
157,0.861319830081931,0.38920763953765675,0.9937928781054527,0.024575203229365863,0.8139496896244349,0.5289532152491042,0.8542959817442696,0.4113030720676172,0.8745508003920287,0.35468275697061497,1.7309636739452303,0.603256552867041,1.3019797495988696,0.7037331215368555,1.92181635369076,0.5536139793486894,1.3899951646839748,0.5659253375813353,1.4668547361674906,0.5623510723032584,1.4839882605411023,7.586877628580931
158,0.8636066644692569,0.37614525193990506,0.994609604704345,0.02289899914435234,0.8113361646715468,0.5415838483461793,0.8513557660700409,0.41585125709156395,0.8774910160273128,0.3542818273498279,1.7330080276608895,0.6187450357426529,1.2534245663530372,0.7104845115289128,2.0064526537464045,0.5416997617156474,1.41533740892166,0.5849880857942027,1.4862323317312836,0.5750595711118366,1.5121636689582143,7.6958598512993435
159,0.8629532832602432,0.38032519869927445,0.9919960797125122,0.02833708868433139,0.8147664162038549,0.5200580450414404,0.8426984645151228,0.4382338411801783,0.8763475987849692,0.35458278933972637,1.743776775037335,0.6131850675257356,1.187993006338384,0.6985702938958707,1.824157112005164,0.5448768864651348,1.394814089283856,0.5730738681611606,1.5163879099703668,0.5603653693407467,1.5263629938395158,7.4719516704535085
160,0.8624632473242746,0.37046710346034056,0.9957530218882719,0.02044425854332524,0.8116628552955258,0.5171989664089753,0.8590329957530218,0.4085574712736939,0.8693237503694187,0.37517112486699716,1.714049828866462,0.6159650516282764,1.2022001943366072,0.7025416997735514,1.8899554824850138,0.5544082605715684,1.3760104987169657,0.5595710881770461,1.6440889319261451,0.5718824464096921,1.5154249125446553,7.649874079123293
161,0.8706305128653351,0.3623340750823259,0.9949362953283241,0.019665984979184103,0.808069258373339,0.5180258776132128,0.8583796144855914,0.39703957933648976,0.8830447566154851,0.3387914041908533,1.6580451580481916,0.6068308181332822,1.2681755899104739,0.7081016680141401,1.8239139917416027,0.5420969023507582,1.4158016880463757,0.5555996823112012,1.5416676677864065,0.5750595711118366,1.500127446595831,7.571876614694088
162,0.8665468800655964,0.3865336359121643,0.9942829140803658,0.01709099046268291,0.8224436458868359,0.5020861274196758,0.8560927801566823,0.408132892375832,0.8822280300555374,0.34374682382552385,1.6797757463025251,0.6203335980937251,1.1540456314847123,0.7057188244875316,1.96734325079538,0.5329626688320926,1.4247043673200586,0.5623510723032584,1.5466995627232447,0.55996822877665,1.5513953736630388,7.66636071080154
163,0.8688337144529223,0.37234373332744564,0.9955896765762823,0.01516763174292947,0.8204835021624336,0.5160988874779695,0.8562561254686719,0.4021627188936163,0.879124469127736,0.3437164104070511,1.6716514559050706,0.6199364575059572,1.2080616614195268,0.7124702144795888,1.8722410142728332,0.5587768069896744,1.3304733875206862,0.5655281970054029,1.567281515767311,0.5679110405320114,1.4939743508484933,7.494192987514735
164,0.8611564847699414,0.3820301772809348,0.9936295328324077,0.0211562538475544,0.8085592943093076,0.5367159076139686,0.8606664488729173,0.40376303783334655,0.8796145050637046,0.3491220046972691,1.714957272722144,0.6143764892772041,1.2031249972406148,0.7196187450475784,1.8468747940223427,0.5428911835262944,1.3485226162233648,0.5790309769895173,1.5110382488925036,0.5631453534669588,1.4867955094663465,7.4185376015800255
165,0.8689970597454396,0.36587877648498296,0.9952629859523031,0.015179819075394526,0.8165632146746845,0.5030384076767129,0.856582816092651,0.4113476237453148,0.8791244691472083,0.3411764423370517,1.6587937482623873,0.6211278792692613,1.1657830689404223,0.7100873709411447,2.0632765558760013,0.5484511517077045,1.3741699837213286,0.5762509928751408,1.556799911441928,0.5615567911040509,1.5887182881438704,7.770898765756366
166,0.868343678536426,0.3596646223620082,0.9947729500163345,0.01776897474736355,0.814276380248414,0.5134005773519231,0.855766089513231,0.4030253308752478,0.8807579222671038,0.33991550399816256,1.6559153635569626,0.6199364574586143,1.1875699178912662,0.7140587768188253,2.018053728728701,0.5552025417471046,1.361056645277287,0.571088165234156,1.4752545663768852,0.5583796664255777,1.524921832030685,7.589004127632729
167,0.8591963410844837,0.3878533710980875,0.9949362953283241,0.022274338064675082,0.8160731787192436,0.5014961831945876,0.8618098660763165,0.3906657273903348,0.8836981378829156,0.3463040048470103,1.6707262584330482,0.5830023828908695,1.250569508662499,0.7100873709411447,1.9673087777282179,0.5377283558853095,1.392824692940125,0.5643367752420988,1.557211885129629,0.571088165234156,1.4920191456969885,7.682060309872919
168,0.8616465207059101,0.3833922896946773,0.9918327344005227,0.03515627938020215,0.8183600130286804,0.5072739400609729,0.8632799738842224,0.39752596550052444,0.8792878144007811,0.352226150752438,1.6976880885852936,0.5992851469420175,1.2521977037911889,0.7100873709529804,1.901992364256822,0.5555996822875298,1.4185712109301372,0.5790309769776816,1.4854107198258826,0.5512311358339167,1.5114267995496702,7.591710981250851
169,0.8722639660436474,0.36464205018175616,0.9918327344005227,0.03263055691566575,0.8183600130286804,0.5025045551951124,0.8575628879061714,0.404190769239564,0.8823913753869992,0.3491600844662239,1.6752401730547697,0.6036536934548091,1.2320732832505317,0.7073073868267682,1.7936530240429618,0.5607625099521861,1.381802507058508,0.5718824464096921,1.5701668706912668,0.5683081811197794,1.4567181951321242,7.456521227588911
170,0.8735707284811469,0.35556161083337023,0.9955896765762823,0.013641400402372977,0.822770336510815,0.5064646636337596,0.8621365566808232,0.3968361202616467,0.8779810519632815,0.34598090190273684,1.6405936444907825,0.6123907863383637,1.267125578088992,0.7037331215486913,1.9152054203732773,0.5555996822875298,1.4147696339179827,0.577045274050677,1.4521207333830162,0.5615567911158865,1.5726632837315606,7.6439878857258865
171,0.8758575628490005,0.3513794248787962,0.9931394968964391,0.019811723839088434,0.8129696177914423,0.5213233589425036,0.8660568441296278,0.3875132619419428,0.8760209081609901,0.3536623694545418,1.655785452264152,0.6171564733915806,1.229694110697921,0.7108816521166809,1.905720122294063,0.55202541704496,1.430382415735125,0.5663224781809391,1.501573751200467,0.5548054011356651,1.5178676590832383,7.6073160925206915
172,0.8670369160015651,0.37064881563887647,0.9944462593923554,0.019903004530819265,0.8185233583406699,0.5135050628143212,0.8600130676054869,0.39411734952446836,0.8797778503756942,0.35607767083683034,1.6763253882600373,0.6143764892772041,1.1987299190344463,0.7104845115289128,1.900708232427892,0.5611596505636256,1.342723903442253,0.5798252581650535,1.4701943402655713,0.5571882446622735,1.4786466821625746,7.413072862920542
173,0.8611564847894138,0.3636913302481389,0.9957530218882719,0.018745430102301622,0.8311009474028095,0.4799453127095996,0.8551127082847451,0.406800021156693,0.8877817706826543,0.32855094195736345,1.6197996335806935,0.6334392374900715,1.249729776065545,0.7096902303533766,1.8551947090387557,0.5611596505636256,1.372242972337603,0.5758538522873727,1.4480279686433914,0.5679110405320114,1.5082466958343652,7.4555118472165205
174,0.8711205488597206,0.3624165573469839,0.9959163672002613,0.016072882469878248,0.8244037896307105,0.48514723061191145,0.8595230316889906,0.406482041466279,0.8825547206405719,0.34041043501669815,1.632571171873031,0.6060365369577461,1.2732902529743382,0.7069102462390001,2.0145881792578137,0.5321683876092137,1.4078983473720958,0.5698967434708517,1.5571612185865902,0.5671167593446396,1.4637406401223754,7.738701810904966
175,0.8609931394968965,0.3769328255584839,0.9950996406403136,0.02044158045017291,0.8126429271674631,0.515639330058735,0.8600130675860146,0.3965099715146704,0.8853315909833388,0.3331903404355711,1.6647415486319865,0.6072279586973789,1.2002207019726574,0.707704527426372,1.8402299969697196,0.5583796664019063,1.378882075404723,0.5472597299680717,1.5974058146581847,0.5726767275852283,1.5079089519127646,7.546657842904258
176,0.8634433191767397,0.3705563704461609,0.9931394968964391,0.02345451711601853,0.8242404442603041,0.49492021046191875,0.864913426945701,0.3895391521939496,0.8889251878276365,0.33231867202860355,1.632805473467214,0.6068308181096108,1.236344730971208,0.7045274027242274,1.8110536616673631,0.5504368546465449,1.3905666121610865,0.5524225576090567,1.5484803547288237,0.5647339158298668,1.5165289622081282,7.5249854914246335
177,0.880431231662597,0.3491929877197692,0.9942829140803658,0.019812727083880814,0.8198301209144754,0.49424087905837055,0.8636066644497846,0.39881810417404284,0.8827180659720337,0.3323373609958463,1.6164071899502546,0.6119936457742672,1.2266313914842815,0.7005559968465467,1.8691802156349193,0.5436854647018305,1.405846795136726,0.5726767275852283,1.5232749219874335,0.577045274050677,1.5808938962834236,7.6278201444836435
178,0.8783077426067328,0.3486209892829389,0.9954263312642927,0.01753001152883323,0.8178699771511286,0.500854015992927,0.8618098660568442,0.38838492391819035,0.889741914368112,0.3176542172650814,1.5950317898438438,0.5822081016679904,1.2833814550371658,0.7041302621364594,1.7115275552420521,0.537728355861638,1.4325191694370236,0.5718824464096921,1.551917345899973,0.5492454329069121,1.54489354684511,7.546212783401405
179,0.8742241097485773,0.33811165951740035,0.9959163672002613,0.013022227788468371,0.8167265599477295,0.5052329239036008,0.8681803332633811,0.39216754575524987,0.8846782097353806,0.32688528265741984,1.5973767039044469,0.6235107228195411,1.209557283353105,0.7069102462508359,1.8331247282192644,0.556791104050834,1.3779502460130915,0.5806195393405896,1.5408919790228555,0.5750595711118366,1.563003623610284,7.546467930102178
180,0.8760209081609901,0.3470088704782777,0.9937928781443972,0.02396916341238688,0.8196667755245968,0.505770103569632,0.8531525645408705,0.40183561250728084,0.8807579222671038,0.3404818884456364,1.6409905813597885,0.6127879269498032,1.2381000027025002,0.6902303415645769,1.9345435667092623,0.5385226370253385,1.4360336896987829,0.5492454328950763,1.5860528841768586,0.5635424940665626,1.5615323636861336,7.778192550441024
181,0.8738974191635428,0.3398385065632371,0.9950996406403136,0.01820826021587479,0.8136229990394004,0.5049675243210847,0.8663835347536069,0.383796714243839,0.8876184253122479,0.33595289688159424,1.6046973403004094,0.6215250198570293,1.225510538858602,0.7112787927044489,1.8857403970729916,0.5512311358694238,1.4020546006010675,0.5615567911277223,1.5582362398611733,0.5500397140587768,1.5611147733791373,7.654593364315624
182,0.8750408362890528,0.349733286134093,0.9947729500163345,0.018096269991556852,0.8217902646388777,0.4927412555502817,0.8672002613135547,0.38742842715828685,0.8969291081345966,0.3085607761351044,1.5784896265171353,0.607625099285147,1.2565183697906015,0.7057188244756959,1.7937300921593717,0.5627482129146979,1.38783053972117,0.5591739475892781,1.5869895384674322,0.5734710087489286,1.5870368178967886,7.63402179955868
183,0.8796145050637046,0.3435793915232269,0.9955896765762823,0.017992453141540663,0.8244037896112382,0.4851687640847431,0.8639333551321805,0.38852473776039054,0.885331591002811,0.32576210797319843,1.5829398137453685,0.5961080222635443,1.2722800443654643,0.6993645750714068,1.942537410149027,0.5492454329305835,1.4160551372693586,0.5663224781691034,1.565733202943923,0.5555996823112012,1.5673974934163502,7.785913286178807
184,0.8755308722250215,0.3407092193243201,0.9959163672002613,0.016335998998541417,0.8226069911988254,0.5101112263317943,0.8681803332244364,0.3827482312211839,0.8921920940479552,0.30952582711567483,1.5813418453092554,0.6322478157504386,1.1841049877197332,0.7084988085900724,1.8742084541801671,0.5552025417471046,1.4077104112049055,0.5651310564176348,1.5841499148166018,0.5718824463978563,1.5890002420750566,7.661076558024472
185,0.8801045409607288,0.3370218473306788,0.9955896765762823,0.015372166780635379,0.8209735380205131,0.49145066695289646,0.8640967003857533,0.3935254010858975,0.8851682456908215,0.3255418638063778,1.5848149995872376,0.5941223193010325,1.3655850208620375,0.7148530579943615,2.025265967591435,0.5401111993882465,1.509965106028238,0.5754567116996047,1.5329451909654193,0.5730738681729963,1.553937642417132,8.009599293291426
186,0.8727540019601437,0.3558639337602919,0.9955896765762823,0.017245687703670735,0.8302842208233895,0.47348723443494595,0.8596863769815077,0.4034632042279161,0.8871283893762792,0.33319225495487054,1.605147750850442,0.5925337569499602,1.2278788037024102,0.6981731533199383,2.083444981028135,0.5548054011593365,1.3916597405509215,0.5694996028830837,1.5088238483672107,0.5663224781691034,1.531405364595963,7.765099500075894
187,0.877164325344917,0.3400390087506694,0.9973864750081672,0.009909421550205418,0.8270173146420154,0.48384177275866086,0.8734073832275742,0.3672185237015902,0.8933355112513542,0.3072930039197197,1.5301917446707245,0.6100079428354268,1.2458249877715177,0.7112787927162846,2.1041865869544707,0.55202541704496,1.4358889986513104,0.5651310564176348,1.5782260360748073,0.560365369364418,1.5621224275455057,7.948150226102167
188,0.8786344332112397,0.33824469426105863,0.9957530218882719,0.01642489574108627,0.8262005880431231,0.4745750879635806,0.8725906566092096,0.3616003308643589,0.8861483175627588,0.33057613151402926,1.5433209652762052,0.6127879269261318,1.2751310204546507,0.707307386838604,2.118537042712986,0.5476568705558398,1.4714906595830788,0.5758538522873727,1.5261336326291393,0.5655281970054029,1.5537563728329868,7.966939980307679
189,0.8787977785232293,0.3412551366398826,0.9947729500163345,0.022733105764735757,0.8245671349427,0.48919983497829617,0.8583796144661191,0.40857680515306755,0.8840248284874224,0.33426610224876324,1.6179130711379452,0.6004765687171574,1.280020640021585,0.7081016680141401,1.868847446543384,0.5508339952816558,1.4103961376986682,0.577045274050677,1.4707452818289743,0.5583796664255777,1.5396952862312057,7.591583487909876
190,0.8738974191440706,0.3543451390807553,0.9959163672002613,0.013229407239286145,0.8195034302126072,0.48610214111618805,0.8631166285722328,0.39093482122433726,0.8856582815683733,0.31667405956907624,1.5831534315736728,0.5917394757980956,1.3327141904096083,0.700555996834711,2.0623283091651667,0.5532168388082642,1.391014560636923,0.5865766481571106,1.461978363697258,0.5488482923073084,1.5467149179023443,7.816612604594212
191,0.879124469127736,0.340313567883709,0.9954263312642927,0.01927972778329608,0.8283240770600427,0.4786807932385585,0.8590329957530218,0.3917380953654866,0.8887618425351193,0.32377355042887607,1.5756582755623436,0.5941223193128683,1.2726819430429095,0.6914217633278811,2.01276857598709,0.5416997617629902,1.448523984587292,0.5750595711118366,1.522509764650625,0.5706910246463879,1.553412910299324,7.831755052586223
192,0.8737340737931365,0.34396749812280847,0.9926494609604705,0.027340312362237357,0.8263639333551127,0.48484610606256323,0.8575628879061714,0.39872956544657384,0.8819013394315584,0.3307158122875456,1.6074615656570141,0.6076250993088184,1.2610261642571607,0.7128673550555211,1.8853026311742889,0.5563939635104088,1.433254574515026,0.5818109611038939,1.5507853010209238,0.5706910246345521,1.5368466649124601,7.689081788157735
193,0.878144397275271,0.33536709321261776,0.99640640313623,0.013121876642028107,0.8252205161322413,0.48155516583188923,0.8676902972495233,0.3866990267967563,0.8854949362563838,0.3229688763404274,1.5615722937974927,0.6199364575296286,1.2495454945046724,0.713264495655125,1.9261863756294522,0.5397140588241498,1.4681638410822373,0.5683081811197794,1.5520654611165225,0.5611596505399542,1.5325243924023189,7.75033147662665
194,0.8747141456650738,0.3447742366744038,0.9959163672002613,0.016918810760683956,0.8237504084022246,0.48483195041215954,0.8689970597454396,0.3842228596621734,0.8903952956744869,0.31540235048491594,1.5679864754126922,0.6163621922633873,1.2120308056769624,0.7073073868267682,1.8531381197835979,0.5413026211278793,1.397527133760422,0.5786338364017493,1.5198426573782142,0.5869737887448787,1.5227840748438768,7.527152786186709
195,0.8804312315847078,0.3347043185325979,0.9975498203201568,0.008464771016410634,0.8371447239464227,0.46019276132218706,0.8709572035282588,0.36572814796318304,0.8926821299839238,0.30200318847069435,1.4929142771145754,0.6127879269498032,1.2497501799062256,0.7112787927162846,2.020962589690391,0.574265289959972,1.430705396462945,0.5929308975613998,1.5121895914706471,0.5631453534787946,1.5707393126034068,7.8061612269725
196,0.8786344332112397,0.3334758804343721,0.9965697484482196,0.008153434212790902,0.8343678536620728,0.4722962424923337,0.8636066644887291,0.3894293538323028,0.8917020581314588,0.3131738734260878,1.5383305082286896,0.6104050833995235,1.2048585313913058,0.7168387609450376,1.955369466924352,0.5587768070370172,1.4182385801558839,0.5742652899363005,1.549391096432688,0.5798252581532177,1.551553565576063,7.701216663037907
197,0.873897419105126,0.34968971242237934,0.9959163672002613,0.017564417274215895,0.8235870630707627,0.48899288840131877,0.8707938581773247,0.37576176712459225,0.8885984971841852,0.3159176396246791,1.5697236915539776,0.6183478951548849,1.225896715339291,0.7100873709411447,1.9566215559118398,0.5532168388082642,1.408791419849498,0.5671167593564752,1.5762886350191805,0.5687053216957118,1.585474280366782,7.774863829396849
198,0.8727540019601437,0.3556698641549018,0.9944462593534109,0.01936243499573276,0.823097027134794,0.4783423858329931,0.8665468800655964,0.3945613531301474,0.8894152237441328,0.32227635702951324,1.5919975437630396,0.5929308975377283,1.2921234914774817,0.7009531374224791,1.973495860226696,0.5619539317391617,1.414852801020937,0.5691024622953156,1.5663773928893947,0.5627482128791907,1.60070244326146,7.869331132238871
199,0.8779810519632815,0.34158426666329866,0.9949362953283241,0.020243409683643056,0.8332244364781459,0.47287553922680614,0.8724273113556369,0.35873390289740953,0.8933355112318819,0.3172312901227235,1.532452736365098,0.6159650516401122,1.2607198960404484,0.706513105651232,1.9034193320440531,0.5405083399760146,1.3835119406461147,0.5726767275852283,1.5319925121270634,0.5631453534787946,1.5795091604895304,7.680939238444504
