epoch,dense_10_acc,dense_10_loss,dense_2_acc,dense_2_loss,dense_4_acc,dense_4_loss,dense_6_acc,dense_6_loss,dense_8_acc,dense_8_loss,loss,val_dense_10_acc,val_dense_10_loss,val_dense_2_acc,val_dense_2_loss,val_dense_4_acc,val_dense_4_loss,val_dense_6_acc,val_dense_6_loss,val_dense_8_acc,val_dense_8_loss,val_loss
0,0.25857562889892344,2.0040604731725815,0.224926494629077,2.1178627615074674,0.16775563541326363,2.2289703446873963,0.182783404126038,2.19582556502097,0.18866383535035955,2.2476044233933417,10.801908930155703,0.4158061953931692,1.5401513304759624,0.3999205718824464,1.688474179876523,0.22200158856235108,2.132985451942971,0.2867355043922179,2.019005374931172,0.23272438443208895,2.055540795928434,9.44344811367553
1,0.4307415877553771,1.4643526256415471,0.3325710552301877,1.7308574546127296,0.21267559621038876,2.098706742900137,0.2605357726281938,1.9759807084285135,0.2376674289447893,2.056261586036919,9.33325201294384,0.556791104050834,1.2219153477427882,0.517077045274027,1.479212398752511,0.272835583796664,1.9952189460266574,0.3828435266320908,1.7092535592337466,0.26846703733121524,1.9801465114778332,8.39267626482878
2,0.5485135576998397,1.1728378632846745,0.39349885658768413,1.5691121847401333,0.2473048023521725,2.029871153387514,0.33910486769516535,1.7775869615636437,0.2819340085036924,1.9276261797764456,8.483863005253351,0.557982525861481,1.1722107737948726,0.5158856235343943,1.3957379655860738,0.30778395552025417,1.9526610505116941,0.38482922955909543,1.647338740971469,0.33200953138594214,1.9105895136537014,8.085284189159099
3,0.612708265292259,0.9987777709104158,0.43776543617092756,1.4501245116844788,0.27066318198614986,1.978134026639565,0.374550800411501,1.6813769891191175,0.3167265599477295,1.8301927326785625,7.945310606827186,0.5961080222872157,1.0314875044834055,0.52263701350278,1.34117531539714,0.3363780778395552,1.8853339980385244,0.4324861000912638,1.5592923136908825,0.39872915013097787,1.6527473533598556,7.476698356928382
4,0.636229990179809,0.9011950796236987,0.466187520418164,1.3800524258216351,0.305129042815944,1.900106846760473,0.396765762822607,1.588500422848786,0.36997713165632146,1.668934799261009,7.445440598618396,0.6072279586973789,1.032045757514887,0.5297855441062767,1.3190900101559422,0.37529785544082606,1.7982902034489856,0.43884034950738865,1.5591213477803565,0.3907863383637808,1.5602286383687172,7.275425136420725
5,0.6628552760925218,0.8503452241907553,0.47517151257758905,1.3452623937302108,0.3178699771511286,1.856180013842304,0.41979745183260525,1.5502990844474824,0.39513230971244767,1.5908010845595582,7.199528161702847,0.6072279587210503,1.0122919572166642,0.5162827641458337,1.3550071392483518,0.40587768072263886,1.741164625779895,0.444797458312074,1.514758666798271,0.4308975377283558,1.4883619666194234,7.11821688916401
6,0.6938908853510632,0.7688186836959255,0.49248611568742545,1.3106898558914797,0.3497223129793539,1.786578154026469,0.43596863770983413,1.4890941228012913,0.4225743221558998,1.5206839296016301,6.882505203765501,0.6215250198807009,0.9982330165596307,0.5337569500076288,1.2983468799859972,0.44162033355075087,1.6402593564191823,0.47339158064321074,1.496734313069117,0.4384432088959492,1.4256715082383704,6.865892427321746
7,0.7192094086704983,0.722928545475785,0.5096373734268554,1.2652351670855597,0.36426004573668735,1.7324823935177545,0.4554067298365901,1.449139001321964,0.4362953283435494,1.4701689237942301,6.64660931505903,0.610802224010963,1.033223690022733,0.5055599682760958,1.3344382937225299,0.45234312951517447,1.575441314835128,0.4924543288442424,1.472008593220669,0.45154884830413117,1.4336902274320389,6.855467889496407
8,0.7357072852398593,0.6734078723751069,0.5233583796534497,1.2293379815798575,0.3823913754064715,1.6861784884992748,0.4617771970041824,1.4102935732988235,0.45181313298255626,1.4342647313448542,6.440163792133799,0.6258935663343139,0.983751421579773,0.5218427323745867,1.3179621037459732,0.45075456716410217,1.5483044643455124,0.47855440827235995,1.4743183392016446,0.47299444005544267,1.3868181869281104,6.717854422174625
9,0.7540019601826884,0.6298031641431433,0.5341391702447597,1.213751626926012,0.40035935968881103,1.6411077792408497,0.48823913754162074,1.3578457346308352,0.47043449853476027,1.392829973220202,6.2420619580138945,0.6294678316242265,0.9874552459211176,0.5373312152975415,1.2770305090333092,0.4583002382843527,1.5327847698929766,0.497617156497063,1.373128462443757,0.45512311360587954,1.4388216398745135,6.615971147114554
10,0.7737667428750067,0.5949369293729763,0.5413263639138828,1.1676950269725268,0.41718392682130023,1.5967425814799645,0.500326690623979,1.3342001254712004,0.4748448219633461,1.3611593227377128,6.06150496921209,0.627084988097618,0.9967334674785211,0.5424940429385263,1.2563692000861013,0.47378872120730736,1.5028789201551624,0.5234312946901518,1.3637709629923886,0.49364575059571086,1.3475839271253778,6.47413427627115
11,0.7894478928065308,0.5632844694258146,0.5413263639138828,1.1699571462286644,0.431394968983863,1.5665237808570251,0.5181313296357076,1.27654474695225,0.49607971255119543,1.3387952861891819,5.921928546585238,0.620730738693329,0.9803354385544896,0.5321683876565565,1.2560070635213845,0.4686258936136653,1.4915367665037076,0.5111199364693416,1.3624978266224395,0.4706115965525057,1.3768131326739044,6.474039600802566
12,0.8020254818491981,0.523305836961535,0.5506370467264954,1.1376279374424518,0.4603070891962765,1.514695873333714,0.5276053577262333,1.2495723175324867,0.4975498203201568,1.303749765651906,5.735839512098151,0.6274821286853861,1.023485510104807,0.5361397935342372,1.2708587434270062,0.47776012713233096,1.4710792267104764,0.5341540905598897,1.3236937565970175,0.47934868943606035,1.382592817731468,6.478632804607001
13,0.8154197974323408,0.4813381858372057,0.5638680169684401,1.1243898776456913,0.4531198954979449,1.494360002845146,0.5385494936684774,1.219181159437579,0.5102907546358691,1.2967377542592622,5.622957421844592,0.6521048451270065,1.0158504438797358,0.5532168388082642,1.2686586507120428,0.4710087370929309,1.4657572301443462,0.5297855440826053,1.367822452231567,0.5019857029388404,1.3264086985512324,6.451479834540672
14,0.8248938255472068,0.4693856260397589,0.5736687356683406,1.100389905534356,0.4720679516692599,1.4574773137727541,0.5501470108002628,1.1913627988954885,0.5176412936559264,1.2691726242160142,5.494803545016239,0.6378077839673559,0.9766999455886384,0.556791104050834,1.279890882959434,0.5055599682760958,1.4176749569542169,0.5218427323390795,1.3413427081536073,0.5079428118027043,1.3232692311546743,6.34591941363855
15,0.8384514864228668,0.42779117462409944,0.5772623325710552,1.0926069625644503,0.4885658281607318,1.4211110592823097,0.5571708592158133,1.1692492376157404,0.5307089186637708,1.251712712303792,5.369547093237821,0.6465448768982535,1.0448569171056683,0.5579825258141382,1.258728291067081,0.501191421810647,1.4090735459725379,0.5496425734828444,1.300470054007599,0.5099285147178731,1.3199014151446682,6.340140416945987
16,0.8446586083174141,0.4133228243507228,0.5797125122314262,1.0853400258837242,0.4921594250439741,1.4029589227818462,0.5757922247631493,1.1300371283606274,0.5401829467883729,1.2280265576541132,5.266830238241341,0.6306592533875307,1.0622561939824091,0.5667196187687071,1.2388833970944024,0.46068308181096107,1.487922338288014,0.5154884829347904,1.322926763033848,0.4849086576884848,1.336246603864635,6.45541270258315
17,0.8590329957530218,0.3882319391679234,0.5875530872458689,1.066276098302438,0.5058804312413598,1.3606022879486184,0.5784057497355097,1.1129076421669752,0.5434498529892192,1.202032855311783,5.1372643861455956,0.64932486101263,1.0097311808919271,0.5671167593801466,1.2307224138517812,0.5123113582208102,1.3748519492584907,0.548848292319144,1.2932929942492364,0.5182684670373312,1.283451254449258,6.199298605642402
18,0.8709572034893142,0.34939860446668847,0.5886965044103234,1.0486821983422145,0.5261352498988551,1.3198962851467961,0.6014374387844525,1.0723030007146457,0.5429598170532506,1.2012737940744962,4.998837421003489,0.6350277998529795,1.0919784519546225,0.5444797458418595,1.2733525677840798,0.5095313741182694,1.362923517219598,0.5377283558498024,1.2981211150610987,0.5051628276646564,1.2759745741193498,6.309665032281489
19,0.8745508003920287,0.3385548502747158,0.5981705325446617,1.0299439551938558,0.5360993139302174,1.3084940464813621,0.602417510597973,1.066971870155671,0.5504737014047697,1.172397714547572,4.9237084192452345,0.6501191421881661,1.0524645311442797,0.5651310563939634,1.2638795165503376,0.4992057188718067,1.4333320331062183,0.5516282764216848,1.2619985959376485,0.512311358268153,1.278217605980168,6.297273686994533
20,0.8737340738515533,0.3382936153720306,0.6014374387649802,1.0345880784890262,0.5396929108231958,1.2867146950849166,0.6100947403198985,1.0495083455516014,0.561417837288597,1.167322578285302,4.883836212519609,0.6501191421881661,1.0818246980452935,0.539714058776807,1.2852185333504196,0.5127084988559211,1.3752828218143454,0.5345512311476578,1.290998326397018,0.5,1.3245736311313365,6.365334585794293
21,0.8869650440642897,0.31111391451926607,0.6131983012087553,0.9995383001238409,0.5499836654493288,1.2535573818527068,0.6231623652206453,1.0217459064143735,0.5620712185754997,1.14902830112218,4.742450939833982,0.6687847498132654,1.0593543799625114,0.5667196187923786,1.2576481254920777,0.5234312947019876,1.3448540121908696,0.561953931691819,1.2736284781108307,0.5301826846703733,1.2677773338660443,6.210762279955899
22,0.8949689644101942,0.29448372893807,0.624305782462989,0.9815737540641668,0.5552107154914111,1.2449182741628757,0.6207121855408021,1.0187000895940723,0.5632146357399542,1.1453285082536988,4.692528182406396,0.6346306592652114,1.117757520042922,0.5583796664492491,1.2425605403325972,0.517871326496906,1.3410681999326226,0.524622716453456,1.3473735999928476,0.4868943606036537,1.3324291038551057,6.38874496402392
23,0.8983992159619747,0.276725532885608,0.6208755308820001,0.9751318436905825,0.5671349232666479,1.2095984585220538,0.6360666448678195,0.9895918946062104,0.5826527278667102,1.1170210442251725,4.575651220230058,0.6532962668903107,1.11681230208963,0.5595710882125533,1.2553519148784937,0.5111199365048488,1.3607823840202653,0.5401111993645751,1.3079944723319024,0.4920571882919815,1.3327615828245192,6.381309885747665
24,0.8988892518979433,0.2669689271359302,0.6391702057956208,0.9466018116345635,0.5710552107251886,1.196144475418148,0.6327997386085562,0.9737502562380507,0.5751388435151911,1.1132952393522764,4.504396159444047,0.6135822081135037,1.1903441740855325,0.5591739475774424,1.2491136710732773,0.4801429706115965,1.4153579030366432,0.518268467049167,1.3600677351235775,0.47934868943606035,1.3516800010649337,6.5742256162278325
25,0.9068931721270143,0.24936993466857524,0.6349232277228372,0.9512864589807996,0.5762822606796456,1.1709042866998776,0.6488075792419485,0.9565932867730299,0.5828160731397553,1.0924338379625946,4.428275590159464,0.6489277204248619,1.1223252380578952,0.5714853058455954,1.240588577850363,0.5154884829702976,1.328590435059512,0.5353455123231939,1.3356064806579124,0.5250198570767313,1.2658969571989998,6.300715524493181
26,0.9086899706173162,0.24599910244876286,0.6396602417121172,0.9446638848356311,0.5821626919112693,1.161359284252016,0.6450506370272445,0.9502202936419861,0.5828160731981721,1.092813837863152,4.40279031306145,0.6572676727679914,1.1116550998885046,0.5607625099758575,1.2536694533868475,0.5317712470687884,1.3214647937995085,0.5536139793723609,1.3264898119747308,0.497617156497063,1.3116762974462972,6.33271270180809
27,0.9150604377849084,0.23337961810743524,0.6399869323555686,0.941619484847529,0.5875530872653412,1.13593504554265,0.6595883698137863,0.9220263572426178,0.5931068278340411,1.0619982415186506,4.302742934079,0.6572676727679914,1.1653403278493497,0.5464654488162071,1.3030735241031723,0.5131056394200177,1.3271544988047423,0.5536139793486894,1.288670561538981,0.5123113582208102,1.287356160575194,6.379400478269109
28,0.9229010127019898,0.21297148848058975,0.6329630839400181,0.9337781893198337,0.5934335184677564,1.1333710774219492,0.6728193401238841,0.8919001197705897,0.6012740934140461,1.0408204627636795,4.220672064223192,0.6532962668903107,1.2129466125210473,0.5651310563939634,1.2508544241558284,0.5341540905953969,1.3132487408597853,0.5472597299680717,1.3032002417789366,0.5365369341220053,1.2517730744705018,6.339873167330353
29,0.9291081346160094,0.20754401931007949,0.6566481541979745,0.9051201489189021,0.6037242731133616,1.1055335030373465,0.6733093760209082,0.896626056350551,0.5944135903689021,1.0578550944255092,4.180555293934675,0.6386020651428921,1.2484805371003511,0.5496425735183516,1.299998084901343,0.540905480587454,1.3095066919982008,0.5548054011356651,1.3063072222532783,0.5289912629070691,1.2488290840335268,6.421021646313292
30,0.9255145376938225,0.2072115861431947,0.652891212022215,0.9070781767270956,0.6073178699576594,1.096790977491736,0.6710225416335823,0.8828991869235109,0.6033975825088548,1.0419836569284153,4.143885797552329,0.6679904686377293,1.0973417772819023,0.5599682287529786,1.2580614717258547,0.5389197776486137,1.2954615654691617,0.5532168387727571,1.28508901141578,0.5222398729623547,1.2612250122501323,6.205122751882855
31,0.9313949689254462,0.19065432029489363,0.6559947729889609,0.9012672473737049,0.6030708918654034,1.0914726956963188,0.6757595556618068,0.8755910726436327,0.6149950996795849,1.0144811184606455,4.081435020434938,0.6671961874621931,1.1821655997365854,0.5718824463860207,1.2528165147075396,0.5285941223666438,1.3153510051553832,0.5480540111317722,1.3032074179130475,0.5289912629544119,1.2600407418606299,6.32157192048428
32,0.9327017314603071,0.1843632007141259,0.664488729192945,0.8865059132924153,0.6192420777328962,1.0632064683458378,0.6811499509964064,0.8581793364338219,0.6187520418163999,1.001335963436452,4.0016054716113345,0.6656076251111208,1.2564057484589077,0.5480540111317722,1.2878030446240407,0.5428911835262944,1.3218546212903084,0.5373312152501986,1.3772869702366441,0.5218427323745867,1.229018652647426,6.480400769458677
33,0.937602090781049,0.1757319520581459,0.6597517151647204,0.8778620547852615,0.6216922574322117,1.0637660073283761,0.6956876838024205,0.8397180577268479,0.6145050636851994,1.012628716723041,3.9777599384254274,0.6767275615686268,1.1517603345987601,0.557982525825974,1.2658329491959952,0.5309769658695809,1.3102086484195505,0.5397140587886426,1.3555710586505432,0.5381254964494061,1.2352565270364049,6.326700877158579
34,0.9423391048287457,0.174998089256132,0.6649787651289136,0.8751728151678766,0.6169552433845149,1.0582557249910416,0.697484482195361,0.8326165472826355,0.6164652074680185,1.0024182599029368,3.95155458674638,0.6747418586297864,1.1577613780136657,0.562351072279587,1.2873702138259924,0.5377283558379666,1.2610302241289777,0.5401111993764107,1.3217582957814666,0.556791104050834,1.206035142668284,6.242061803982881
35,0.9385821626919307,0.16861134147340276,0.6666122182682813,0.8599971005122905,0.625285854315454,1.0444195058777301,0.6951976477885627,0.8261448352876655,0.6241424371315272,0.9857867381924004,3.893087751995462,0.6727561556909462,1.221145317859421,0.5694996028594123,1.26618049223334,0.48768864177918986,1.3541089397654635,0.5345512311594935,1.3669410181765143,0.5496425735183516,1.2098656336024605,6.426392150739529
36,0.9449526298789953,0.15012269949784507,0.6630186213655668,0.853963033742509,0.6288794511986963,1.0374025568312502,0.7002613524991833,0.8161475552682276,0.6316563214830463,0.9678995642775766,3.8337082592578775,0.666401906286657,1.2557316460658525,0.5540111199482932,1.2998836708741117,0.5063542494042891,1.366411642388184,0.5563939634867373,1.31586439719363,0.5250198570293884,1.2501310896456856,6.496212298004659
37,0.944952629859523,0.14563764045450062,0.6837634760077114,0.83508228091234,0.6267559621233599,1.024235363841563,0.710552107173997,0.7949406851042878,0.63116628556655,0.9803389484918963,3.788445297700445,0.6703733121643377,1.289271275593135,0.5436854646663234,1.2852144356139412,0.5420969023507582,1.2637696143556343,0.5416997617156474,1.3677590988381123,0.5242255759011951,1.2910277584036538,6.50527274807452
38,0.9488729173472721,0.14619294360702342,0.6777196994056813,0.836186721565598,0.627899379326759,1.0155989694969205,0.7130022868343678,0.7850997916470552,0.6401502776967665,0.954245838765341,3.745573013602266,0.67196187451541,1.31688883999711,0.5512311358339167,1.304021404578252,0.534551231135822,1.3164615417587273,0.5619539317154904,1.3271861827922682,0.5238284352660842,1.2681992560080633,6.541020916794102
39,0.951976478236129,0.1378311214260258,0.6891538712644218,0.8218523168517109,0.6416203855338809,0.9865050075763738,0.7094086899900701,0.7812775915567098,0.640150277667558,0.9432913058725536,3.679041417273615,0.6751389992175545,1.2742137538655303,0.5683081811079438,1.2721367706326476,0.5325655282206532,1.357662812715679,0.5524225576090567,1.3144434931450557,0.5393169182008747,1.2477436514010591,6.474505744915902
40,0.948546226723293,0.14530107179064547,0.6855602744395964,0.8276704657081684,0.6359032995363576,0.9979245323482115,0.7100620711990837,0.8010252485747277,0.6507677229468786,0.9245453150160988,3.704785931776334,0.6703733121643377,1.2837826995855173,0.5476568705440041,1.3091647803925446,0.5119142176330421,1.350245158287909,0.5559968228989692,1.3300811772880523,0.5456711676406709,1.2228260738590202,6.504432408557798
41,0.9534465860440349,0.13396506691068577,0.6867036916235233,0.8177016207261321,0.6473374714145704,0.9837631581071855,0.7231296961777197,0.7751294635783921,0.6643253838614832,0.9099875043630989,3.62889355469747,0.6826846703969836,1.2734738397289946,0.554011119960129,1.335600469583931,0.5277998410964221,1.312087688775551,0.5643367752420988,1.308738989002464,0.5250198570293884,1.2598480493469404,6.498110453414008
42,0.9503430251162335,0.1437044294011876,0.6950343025349901,0.7999969744012465,0.6465207448546226,0.9884125083071544,0.7223129696567165,0.7562525985054781,0.6612218229726263,0.9052978825506841,3.6020400836474753,0.6707704527521058,1.3637183208179062,0.5496425734828444,1.3517621222519516,0.5428911834789516,1.2954550420982294,0.5424940429148549,1.396245495443594,0.5321683876328851,1.276526107165054,6.692099907930357
43,0.9555700751388435,0.1250188202609067,0.6994446259197633,0.7826661025726184,0.650441032361844,0.9810902865561579,0.7257432211500802,0.7513344589303187,0.6672655995162395,0.9088494398359457,3.5573709130248226,0.6846703733239882,1.2530719644528376,0.5357426528991263,1.345158232782832,0.5321683876092137,1.2959378075277739,0.5536139793605251,1.3271549232807114,0.5369340746624305,1.225323969878499,6.455071244379942
44,0.9617771969944463,0.11432624766901281,0.7035282587389742,0.7835236430284985,0.6569748448219536,0.9546477368983207,0.729336818072267,0.7376234128521144,0.6566481541785022,0.9000601614857374,3.498617612626264,0.6636219221722806,1.3274958507572852,0.5464654487806999,1.334168425621354,0.47934868943606035,1.4368913363993783,0.5309769658695809,1.3699704554935028,0.526608419404132,1.241386007159546,6.718365387465861
45,0.9565501470107808,0.1272420737789247,0.712838941502906,0.7834332419236242,0.6563214635934677,0.9584445667905537,0.7327670695461583,0.7389550476594519,0.6795164978959832,0.8695624258268195,3.4861038963376445,0.6791104050952352,1.2724507313341529,0.5440826052659272,1.3402396789896194,0.5369340746624305,1.2781690071271088,0.5627482128791907,1.3425149190416403,0.5416997617393188,1.2381643723930225,6.480012014614768
46,0.9650441032342372,0.10482019439710981,0.7061417837113346,0.7800573139399417,0.6604050963542618,0.9314686631073713,0.732113688356617,0.7240427389950271,0.6711858869260996,0.872833645390514,3.4217056183595354,0.6771247021682306,1.4335249235315028,0.5436854646544876,1.3379251412496953,0.4920571882446386,1.3841258209314111,0.5472597299444003,1.428604292339328,0.5428911835262944,1.2245406204267946,6.8172218930257324
47,0.9622672329304149,0.10528645357263099,0.7043449852599774,0.7759978108665437,0.6586082979029045,0.946890780365728,0.7428944788895102,0.7232930038303225,0.6831100947597533,0.8552179460780989,3.4151979111955275,0.6795075456948391,1.3743480031736968,0.5409054805401112,1.3465260536520134,0.5246227164416203,1.2880714585896613,0.5563939634749017,1.3581319625317056,0.5452740270055599,1.2269577747588123,6.602555482135679
48,0.9624305782424044,0.11163271225049327,0.7095720353020597,0.7740070633310308,0.6649787651483859,0.9384484945539944,0.7378307742762511,0.7274690604762912,0.6845802025092423,0.8556217500214014,3.4157085484128027,0.6846703733239882,1.2791074993469063,0.5508339952579844,1.3288515230509097,0.5226370135146157,1.3169444385646731,0.5504368546465449,1.364468114919564,0.5365369340983338,1.2581835286876717,6.556094632440375
49,0.9692910813459654,0.09229818813892843,0.7090819993466188,0.7566882332957908,0.6656321463379272,0.937942640234621,0.7502450180069289,0.6913906115404495,0.6844168572361973,0.853914888747881,3.340785880682321,0.6874503574383647,1.4141080717127503,0.5548054011119936,1.3194047297344405,0.531374106457349,1.284872670510726,0.560365369364418,1.3890105791040788,0.5365369341220053,1.2568915109013261,6.672850823194096
50,0.9653707938776885,0.09511320954778958,0.7187193727929465,0.7500602442507104,0.6706958510096032,0.9125497716581538,0.7404442992291392,0.69999085651508,0.6839268213002286,0.8440493815710871,3.3103378802800796,0.6767275615567911,1.4643657365817089,0.5476568705558398,1.3493758242124598,0.5250198570293884,1.3266253383316815,0.5524225575972209,1.3598382134490585,0.5357426528991263,1.2577272952786507,6.766517849741141
51,0.9668409016661221,0.09681151062957528,0.7213328977847793,0.7506894355737785,0.6821300229072882,0.9032668502686734,0.7495916366810815,0.6919904606808093,0.6885004900554083,0.8374046996036256,3.2887656610801073,0.6580619539435275,1.4441797113468806,0.550833995234313,1.3150896158504335,0.5166799047099303,1.3384414956245847,0.5500397140587768,1.4061942852092604,0.5174741858854665,1.2700133238925737,6.782536961144166
52,0.9665142110421431,0.09194198884136856,0.7123489055474651,0.7404247023279625,0.6739627572688663,0.8849242347706692,0.7433845148449512,0.6969933540203415,0.6914407056712201,0.8148550822508176,3.2377704562256047,0.6687847498132654,1.4777227402714652,0.5484511517195403,1.3409381647778467,0.5484511517077045,1.2923108676390764,0.554011119960129,1.4166210653575475,0.5476568705321684,1.2271717847861214,6.763407137963959
53,0.9673309376020908,0.09810467727609497,0.7169225743221169,0.7459525196274213,0.6724926494609604,0.8984105245461849,0.7549820320351535,0.6921850271140856,0.7015681149756273,0.8157851597484674,3.259084595375223,0.6826846703851479,1.3960732854247158,0.5524225575972209,1.327411479969835,0.5325655281969818,1.3253502379910542,0.5524225576090567,1.3466121861629774,0.5420969023034155,1.2397757771944982,6.6438814565432835
54,0.9678209735380594,0.08669215246400047,0.7229663509046748,0.7399692242926766,0.6755962104277063,0.8959956147319466,0.7486115648870334,0.6835797201843287,0.696504410342896,0.8111788806125487,3.2260878336114147,0.6787132645074672,1.44655414427223,0.5301826846703733,1.3666374308898204,0.5182684670846741,1.332028332449691,0.5559968228989692,1.3825090547181766,0.5536139793486894,1.229652345701283,6.766061747613835
55,0.9709245344269163,0.07897385195004444,0.729336818072267,0.719755544065845,0.6804965697581844,0.8951013268929063,0.760699117915843,0.6609156789323233,0.7017314603460337,0.785014799999591,3.1484538225985865,0.6862589356750605,1.460907514618356,0.5413026211278793,1.346560487631676,0.5206513106112824,1.3192455920555746,0.552819698184989,1.3729024406839119,0.5452740270055599,1.229412076229894,6.737731477587444
56,0.9699444625939235,0.08754474708532968,0.7295001633258397,0.7254648480451173,0.681476641581441,0.8872583882359265,0.7593923554783435,0.6783089231954061,0.7154524665336833,0.7784731559837538,3.1657681973764844,0.700158856246943,1.3714911335370206,0.5476568705321684,1.337678704307229,0.5361397934868943,1.271634046949973,0.5571882446622735,1.3832224348028848,0.5532168387609213,1.2667682400717444,6.639528045775495
57,0.9741914407056518,0.07616677489198626,0.7324403789611238,0.7134612025543975,0.6849068932111105,0.889002238173611,0.7623325710162662,0.6538529016542419,0.7059784383798728,0.7916785120983523,3.1329017026640162,0.6799046862707714,1.4567235481708567,0.5563939634630659,1.3571659962841214,0.5504368546938877,1.293873037915082,0.5349483717235901,1.448027224650546,0.5401111993645751,1.2657155561200961,6.830258042590783
58,0.9772950016334532,0.06798283476641111,0.7278667102254165,0.7050203082414283,0.682293368160861,0.8619082087747648,0.7678863116628553,0.6381658925481655,0.7128389414834337,0.7808054231693837,3.0626443058632042,0.6973788721325664,1.5290536635057488,0.5416997617393188,1.4085860985721077,0.5262112788400355,1.3238108160005286,0.550833995234313,1.424086551281836,0.5401111993645751,1.2323471338290652,6.926657778957328
59,0.969944462554979,0.08761430756363571,0.7304802352269854,0.7153405350666738,0.6871937275789641,0.8705600599804878,0.759555700790333,0.6581869476061949,0.7035282587584465,0.796803545402725,3.1372862594340294,0.694996028605958,1.336941210757216,0.5393169182127103,1.366384597029167,0.5401111994119179,1.328924153133268,0.5532168387727571,1.401316257201082,0.535742652910962,1.2501984316976984,6.692551574600984
60,0.9738647500427281,0.07195446050600525,0.7345638680364602,0.7030038415548343,0.6991179352957841,0.8547912755070151,0.764292714779613,0.6621973387597628,0.7133289774583469,0.7774147129465808,3.078159708557702,0.6942017474304218,1.3866977175139927,0.5559968228752978,1.3053844457490753,0.5389197776012709,1.3258171486561028,0.5444797458418595,1.402765014703734,0.5440826052895986,1.251396742780309,6.680869658472426
61,0.975171512577589,0.07328905452783335,0.7353805945769356,0.6983775989764347,0.6950343024960455,0.8483692718580321,0.765926167938453,0.6469861350975485,0.7081019274941538,0.7749347149722134,3.0507724629395616,0.6687847498132654,1.506851846828607,0.5440826052422557,1.385502421448778,0.5254169976408279,1.3509746404561473,0.5611596505281184,1.3730105830147874,0.5409054805637826,1.2371615668058964,6.862322643316388
62,0.9730480234827804,0.07762530665792651,0.7430578242599166,0.680561704150371,0.6942175759945146,0.8535463692159756,0.7624959164061448,0.6563442845392835,0.7167592289906551,0.7693038526526934,3.046206074577264,0.6791104050952352,1.4702367677683983,0.5472597299444003,1.4126811220448958,0.53733121527387,1.272571925940828,0.5536139793486894,1.4201902840893073,0.5150913423588581,1.2977385562123336,6.882249384479356
63,0.9758248937866026,0.07193979017797768,0.7339104868079743,0.6936498663659891,0.7015681149756273,0.831460868112794,0.7719699444820662,0.6385181407373897,0.726886638334007,0.7412273278231716,2.9856381226271362,0.6886417792016689,1.5220835722338022,0.5464654487925356,1.4048479305043213,0.5301826846703733,1.3099286294911379,0.5440826052540915,1.416193234674319,0.525814138228596,1.3169012409623793,6.978806753969079
64,0.9795818360013068,0.06216065361086374,0.7486115648091443,0.6745962984068882,0.7028748774715438,0.8249659937256031,0.7773603397193044,0.615788193679409,0.7154524664947388,0.7642218516917448,2.950593121727087,0.6894360603890408,1.5290409445705675,0.5158856235343943,1.4336945924899045,0.5190627482602101,1.335567982732729,0.5639396346543307,1.3738569746043967,0.5385226370135028,1.296828847683262,6.977858168440645
65,0.9789284547533486,0.060380882993103936,0.7378307742957234,0.6785356046833348,0.7043449852989219,0.8269015720801118,0.7758902319892876,0.6235487422534977,0.7226396602806956,0.734276930478148,2.9325190874845597,0.6759332803930906,1.6190218241072338,0.5424940429148549,1.4288190518630886,0.5000000000236714,1.4160761309105598,0.5234312946901518,1.528539694330823,0.5349483717235901,1.3036040425111226,7.304944840947061
66,0.976641620385495,0.06506005752227297,0.7410976804965698,0.6762358383274047,0.7076118915387128,0.8275337736032555,0.7781770662987244,0.6219875234398566,0.7221496243252548,0.7354120453250677,2.935118499747759,0.6763304209808587,1.5347246308858975,0.5250198570530599,1.4326156302280517,0.5329626688084212,1.3583169664012902,0.5448768864296276,1.4388204900587807,0.5401111993645751,1.27513998465182,7.048514926310472
67,0.9771316563214636,0.06553589009487945,0.7414243711400211,0.6896234272897964,0.6960143744069274,0.8281887359807633,0.7809539366414913,0.6210299533241443,0.7185560274030679,0.7427197066408012,2.956007137519789,0.6679904686377293,1.5772158216102148,0.5397140588004784,1.4082940720536579,0.5079428118027043,1.452721421092725,0.5166799047099303,1.547143557982562,0.5389197776249423,1.3065708194392556,7.300861357127607
68,0.9772950016334532,0.06191765541196014,0.744691277379812,0.6754678040499471,0.6966677556548856,0.8305619262239193,0.7703364913232262,0.6314760925371793,0.7236197320747437,0.7316199429126317,2.939967308041318,0.6814932486218437,1.6623081556029944,0.5381254964257347,1.3996541984408881,0.5524225576327281,1.307072558225006,0.5583796664255777,1.446970404449013,0.5401111993882465,1.3150551785212645,7.139992817703744
69,0.9799085266252858,0.056850427062288246,0.7531852335935323,0.6438044896705288,0.7130022868538402,0.8040009720658057,0.7819340085134285,0.5981971609245831,0.7321136882982001,0.7203223438132086,2.8321160362733417,0.6882446386139008,1.5286964430977503,0.5409054805519469,1.4072117949639926,0.5274027006033397,1.3537297580003549,0.5456711676051638,1.471866716081136,0.5405083399760146,1.2645548088409486,7.035009136078753
70,0.9776216922184876,0.05905699111406464,0.754165305494678,0.6580255251038273,0.717412610219141,0.7923637591752691,0.7842208428228653,0.5990468137445734,0.7324403789221793,0.7265124795912762,2.8439621374677966,0.6620333598093725,1.584071814604444,0.5270055599919001,1.4294844180037807,0.52263701350278,1.3824494708332398,0.5480540111317722,1.4660142031427978,0.5309769658577451,1.3004634990589878,7.171440498330841
71,0.9800718719372754,0.059353142760550114,0.7491016008035297,0.6681353788054951,0.716595883707874,0.7967728594867516,0.7788304475856271,0.6070660609546263,0.735053903914012,0.7139542535682474,2.8542481512464133,0.653693407466243,1.6641912223785362,0.5313741064455132,1.4485927458743049,0.5222398729623547,1.37405284929124,0.5377283558498024,1.5089453014710104,0.5341540905598897,1.2899207893087337,7.294678575183968
72,0.9792551453773277,0.05875748564280848,0.7602090820188189,0.6602579925582908,0.7094086899705978,0.8031600535363786,0.7953283240965713,0.585913167771698,0.736687357072852,0.7007932322977883,2.8178618830506688,0.6874503574383647,1.5841112181690713,0.531374106457349,1.4452973542301497,0.5389197776012709,1.305792250242188,0.5583796664019063,1.4793770462274551,0.5270055599682287,1.315999157093554,7.139562244165313
73,0.9803985625612545,0.05965256967749681,0.7528585429987616,0.6461146997104709,0.7103887618425351,0.8123341675522825,0.7917347272328012,0.5924765232418613,0.7394642274156189,0.6969789689524195,2.816550004641942,0.6715647339158062,1.646727899446642,0.5258141382167603,1.4532929672619197,0.5309769658459095,1.3292341002213566,0.5444797458300238,1.5457500807343256,0.5436854647018305,1.2911420361900063,7.275149616577779
74,0.9794184906893172,0.05913080445927991,0.759555700790333,0.6429293485920011,0.7157791571576624,0.7944006185755936,0.7896112381574649,0.5863656818535701,0.7492649460571025,0.6857527561512542,2.7775820617152367,0.6898332009649731,1.4830647710830231,0.525814138228596,1.4031108804431769,0.5424940429385263,1.3243376991879476,0.562351072279587,1.4306272147097598,0.5428911834789516,1.2953561759354861,6.945502191805669
75,0.9808885984972231,0.05946724410126231,0.7600457367068294,0.6433831373584383,0.7232930414507647,0.7800155897928741,0.7954916693696162,0.5826193644150688,0.7337471414765124,0.7129088626971863,2.7874106079563914,0.6882446386139008,1.5078508607331942,0.542891183502623,1.4039569485746175,0.5492454329069121,1.3390705071809843,0.5468625893566322,1.5293770476501076,0.5532168387845928,1.2599524877628132,7.0492289465888325
76,0.982358706305129,0.047283884146388004,0.7639660241945785,0.644679992836077,0.721659588389286,0.7751787578463749,0.7984318849659559,0.5781370286496003,0.7489382554525956,0.6791742548604527,2.73347992937536,0.6775218427441629,1.564989149115761,0.539714058776807,1.4505908037103104,0.5226370135264514,1.3484127989262225,0.5504368546465449,1.4639947100041688,0.5456711676169994,1.2634999539830365,7.100517543750305
77,0.9843188500490035,0.04858381880813857,0.7655994773144739,0.6297594363570252,0.7200261352499183,0.7738415239021615,0.7966350866119599,0.5764151176608726,0.7494282914080366,0.6740105133826185,2.7116476432516152,0.6862589356750605,1.5690617743142414,0.5472597299444003,1.413686175659784,0.5206513105639397,1.3721614964335944,0.5349483717235901,1.448159935836095,0.5528196981731534,1.275962814345447,7.0880735615494705
78,0.978928454714404,0.06099986664498117,0.765109441359033,0.6266976577789322,0.721332897765307,0.7710453226690158,0.7956550146621335,0.5730663313463754,0.7513884351324389,0.6680184564182315,2.708879133253774,0.6834789515606841,1.6175885949337625,0.5381254964494061,1.439557692123321,0.5182684670610026,1.3679537141578741,0.5389197776131066,1.540145224905658,0.5325655282088174,1.3150056793847853,7.289311074187966
79,0.982358706305129,0.05046751441241053,0.777196994485204,0.6142521335657264,0.7214962430967689,0.7818243929234566,0.8000653381442681,0.5563360679504024,0.7492649460571025,0.6998123412270906,2.7117608273508345,0.6687847498132654,1.6124640609434717,0.5413026211278793,1.4015917009167296,0.5599682287529786,1.340358839492366,0.531771247045117,1.5444624922027466,0.5337569499602859,1.2789618044831244,7.186913975086167
80,0.9830120875530872,0.046940357222320046,0.7701731460501812,0.617562363230298,0.7273766743283925,0.7592514770282557,0.787977785076514,0.593232043192146,0.752858542959817,0.6707081987027521,2.6967751778873965,0.6866560762628285,1.6347491596312231,0.5337569499721216,1.4319032370523388,0.5528196981731534,1.296753608939002,0.5345512311476578,1.5701933195422433,0.5424940429148549,1.3023029218433015,7.244988524033211
81,0.9851355766089513,0.047174548239336804,0.7765436132372457,0.6109855353773828,0.7236197321234245,0.7727350469353697,0.8026788631555731,0.5492089625200934,0.7494282913885643,0.6840294388843027,2.6732257899409295,0.6679904686258936,1.6976280626583689,0.530182684682209,1.4567484876482708,0.5337569499602859,1.3408073754751844,0.5266084193804607,1.5684573213859054,0.5262112788045283,1.3299876758984104,7.402727579294073
82,0.9826853969291082,0.05730470735727102,0.7698464554262021,0.61014372556282,0.7139823586673606,0.7783341873358061,0.8002286833978408,0.5578875195080453,0.7592290101079371,0.6613479620566831,2.674121794689718,0.6588562351190637,1.8423990762554778,0.5409054805401112,1.4700779718974926,0.5301826847177161,1.3735624179184862,0.5373312152501986,1.5349407853637071,0.5389197776131066,1.2866187375201603,7.516702908007657
83,0.9851355766089513,0.0464368317861948,0.7824240444104525,0.5968183168824379,0.7254165305066288,0.756086975696312,0.807579222476315,0.531783443763341,0.7499183273050607,0.666609462843499,2.6068491332868233,0.6632247815963481,1.6783093162606093,0.534154090548054,1.4257951655777983,0.5456711676406709,1.360415380776544,0.5309769658577451,1.5885151018217691,0.537728355861638,1.3229864717855446,7.385136166861173
84,0.985952303168899,0.042755956426012987,0.7716432538191426,0.6162537981855523,0.7245998040050979,0.7713287923118718,0.7987585756483517,0.5599470426350083,0.7600457366678848,0.6600239899609456,2.659430260285954,0.6787132645074672,1.7076228524743549,0.5397140588004784,1.48782995487604,0.49444003179491847,1.5168748003466912,0.5365369340746624,1.5120572035420594,0.541302621139715,1.298757788725937,7.532269302865075
85,0.9849722312580173,0.04328384538331983,0.7801372100231266,0.5977448210319792,0.7322770336101897,0.7449331002779078,0.8034955896960485,0.5610085915249573,0.7572688664224794,0.6628811786043142,2.618984154726469,0.6723590150913423,1.7220132429547743,0.5492454328832407,1.4568493111596115,0.49880857826036723,1.4639700657323393,0.5349483717354259,1.5296921810524344,0.5361397934987301,1.2911554385121613,7.472818973426122
86,0.9854622672329304,0.044012576033138885,0.7798105194575644,0.6005173511304173,0.735870630493432,0.7505526220592086,0.7992486115843204,0.5582937203428006,0.7572688664030071,0.6463944478503866,2.6089101053460366,0.693010325655282,1.610524689352045,0.5456711676051638,1.434846618636626,0.5270055599682287,1.3746859202127404,0.5377283558379666,1.5017332843223008,0.5293884034948372,1.3678854919313153,7.298812695776687
87,0.9844821953609931,0.04362559311708048,0.782097353825418,0.5932124546445767,0.730316889924732,0.738906061910251,0.8059457693564195,0.5528307392370542,0.7675596210583485,0.6352528079842789,2.572974944496342,0.6747418586297864,1.6778155306191054,0.5270055599800645,1.49525303441537,0.5019857029625118,1.4343359616183402,0.5365369340864982,1.500450011706712,0.5337569499721216,1.2993668447869273,7.416375126887921
88,0.9875857562887945,0.04495187225876717,0.7786671022152207,0.5981025932973134,0.7319503430056828,0.7604070740445538,0.8087226396602417,0.546789605841065,0.7673962757074143,0.6397939611205631,2.5992030174426106,0.6814932486218437,1.5955472320936916,0.5468625893566322,1.4552477509984665,0.5349483717235901,1.3483752329923313,0.5488482922954726,1.481210148031509,0.5325655282206532,1.3130663503153728,7.202611674383768
89,0.9835021234890559,0.04735396898032799,0.7855276053771985,0.5837726725429072,0.7345638679975156,0.7379635246078082,0.8025155177851667,0.5394790741751607,0.7595557007708608,0.6454969210704141,2.5632350312382206,0.6660047656988889,1.8151199848046586,0.5238284352897556,1.5468036656647424,0.5258141382522674,1.4186107413673135,0.5194598888006354,1.6163451946188856,0.53733121527387,1.2848342611521744,7.690886841017258
90,0.9862789937928781,0.038531859807353845,0.7860176413326394,0.594036697951924,0.7347272133289775,0.7431279127600146,0.804148970963479,0.5589362097619912,0.7649460960275711,0.627697911908213,2.571505323105955,0.6834789515606841,1.5960895563760584,0.5146942017474185,1.5362304119101775,0.5289912629070691,1.365074666461081,0.552819698184989,1.5403564508421446,0.539714058776807,1.3091502597613218,7.35607739759874
91,0.9864423391048677,0.03944782501894378,0.7878144396866353,0.5748880031606568,0.7345638680169879,0.7353347018336751,0.8201568115189822,0.5093089945952669,0.7673962756879421,0.6338509813958778,2.502013470448142,0.6775218427441629,1.7079070508432683,0.5309769658577451,1.5788252613876337,0.528594122319301,1.3849556270433476,0.5615567911040509,1.498326844431466,0.5309769658459095,1.35932752828545,7.538534680655118
92,0.9872590656258708,0.038386604022086684,0.7830774256973553,0.5788987659816063,0.7388108461481884,0.7226295744582197,0.8123162365240117,0.5393933539529207,0.7682130023257789,0.6175293093489417,2.506032639334927,0.6910246227164416,1.7262909706529213,0.5353455123113582,1.5178834714226253,0.522239872915012,1.413696194187434,0.5448768864177919,1.5636487671597976,0.5405083399523432,1.3236015110947577,7.554320218735408
93,0.9882391374978081,0.03539267140370248,0.7935315256062694,0.5519621975766176,0.7464880758116971,0.7127568759352738,0.819503430271024,0.5209418669785989,0.7638026788436444,0.6267048405962261,2.4569639683704443,0.6759332803930906,1.753185752691587,0.5416997617156474,1.475654172035699,0.5305798252581414,1.3489784310979442,0.5432883240667196,1.573040483251652,0.5460683081810961,1.3507895136371881,7.510861158939086
94,0.985952303168899,0.04585571633294354,0.7825873897613866,0.5800117967137322,0.7412610258280316,0.7292744395040446,0.8003920287487749,0.5519433269719601,0.772133289813528,0.6260019813398644,2.5423082137801063,0.6894360603772051,1.6567538434276723,0.5313741064336776,1.508467268053741,0.5357426528991263,1.3859962227090756,0.5706910246227165,1.503018625394232,0.5321683876328851,1.3368670027865788,7.400324922975233
95,0.9888925187847108,0.03876296766579898,0.7925514537538044,0.5675238530178625,0.7427311336359375,0.7305233013937575,0.81378634435139,0.520167261021311,0.7811172819145362,0.6035186949604985,2.469728311422174,0.6652104845233527,1.792202108271673,0.5301826846940447,1.5408187844007142,0.5154884829466262,1.4578942843639633,0.539714058776807,1.582066036103925,0.5420969023034155,1.3489277343531276,7.731146650715798
96,0.9867690296899022,0.04209269844501774,0.7977785037958868,0.5701599299070377,0.745181313335253,0.7245883913026141,0.8150931068083618,0.5416135700728059,0.7673962757463589,0.6271295824381153,2.514820952697425,0.6707704527521058,1.6832607879961388,0.5373312152501986,1.4846531273774963,0.5210484511753791,1.4199360616866135,0.5349483717235901,1.5389821240123631,0.5440826052659272,1.3458689174972138,7.481938248498748
97,0.9862789937539336,0.041440247960818764,0.8013721006401845,0.5503732596336335,0.737177392969876,0.7280797047558192,0.8159098333488373,0.5243646772964762,0.7711532179221184,0.6202802442328208,2.4737800043885594,0.6822875297855441,1.7343969733436349,0.511119936457506,1.555805677975616,0.5214455917631472,1.3991100032761326,0.5452740270055599,1.5244985353009297,0.554011119960129,1.3074133769328675,7.530467961306038
98,0.989382554681735,0.03187588154866581,0.7964717412804981,0.5585798570744471,0.7399542633515875,0.722902740773248,0.8271806599345327,0.5039707101548041,0.7752368507218571,0.6078145784398614,2.4343896263450318,0.6759332803930906,1.810658437996397,0.5158856235225585,1.550386613328084,0.5413026211278793,1.3930298458308432,0.5401111993645751,1.6036456186114274,0.5532168387727571,1.3168511425246314,7.683823903654188
99,0.9870957203138813,0.037994976522759655,0.794511597497679,0.5701183724232025,0.7515517804639007,0.7142793147908983,0.819993466226465,0.5089251968409648,0.784874224109768,0.6009606590694713,2.441535553874552,0.683081810972916,1.8056992102942862,0.5166799047099303,1.5107892445622217,0.5190627482365388,1.4469911034520038,0.558379666413742,1.5649426751329938,0.5508339952579844,1.3383180402024006,7.676000659857789
100,0.9861156484808886,0.03491248410173985,0.7985952302779453,0.5623093744151462,0.7348905586214948,0.7331753218341442,0.8224436458868359,0.5071560258726714,0.7724599803985626,0.6021900544249127,2.449004524013491,0.6667990468862608,1.7571612638067557,0.5214455917868186,1.515379396593457,0.5428911835262944,1.3510092773354176,0.5373312152501986,1.5268993167483305,0.5436854646781591,1.3332265326435173,7.492940289904145
101,0.9874224109768049,0.033108912755750945,0.7969617772164668,0.5604469325565038,0.7464880757532802,0.7028960670493312,0.8181966677361632,0.5146252984745134,0.7827507350733762,0.5998689472110628,2.4202160312630157,0.6763304209808587,1.8064230370320116,0.5369340746624305,1.4925103760882916,0.5254169976408279,1.4348752521469632,0.5520254170094528,1.5217473360638092,0.530182684682209,1.3779450891461043,7.642773224495062
102,0.9866056844168573,0.03993729964691579,0.7914080366088222,0.5688155532973688,0.7598823913948398,0.6819940326806573,0.8239137536947418,0.5036616720081505,0.7758902319698153,0.5995501649220057,2.4032345271819326,0.6795075456830033,1.8819310718039945,0.5321683876092137,1.5251179059125584,0.5242255758775237,1.4253904099877246,0.5460683081810961,1.5268073342355875,0.5448768864296276,1.385271447508746,7.753797987134235
103,0.9890558640967004,0.03266011264566343,0.7967984319044772,0.551684938685172,0.7553087226591325,0.6915371732671289,0.8245671349232278,0.4984640339812357,0.7838941522378308,0.5915672949806454,2.375195031927832,0.7009531374106434,1.5789042482328914,0.5289912629070691,1.496104894050584,0.5329626688084212,1.4472475938611413,0.5663224781572677,1.5233546183448259,0.5516282764335205,1.3333528965735264,7.388241572452027
104,0.9890558640967004,0.03883980280954739,0.8123162365434841,0.5298548022620392,0.7482848742046375,0.7050478961373497,0.8266906239985641,0.500830983110831,0.779973864769554,0.6010267700256378,2.384877243995355,0.6810961080340756,1.8285709839482673,0.5325655282206532,1.5658429573460928,0.5365369340983338,1.3836510393522958,0.5615567911158865,1.5774491176518113,0.526608419404132,1.4052537857207918,7.770050636636918
105,0.9880757922247632,0.037401823394382805,0.8118262005490986,0.5226092495995384,0.7399542633126429,0.7158924205674724,0.8152564521787682,0.5087889986114539,0.7817706632209113,0.5993040634969682,2.3932845406343795,0.6850675139117562,1.710291065220744,0.5281969817433687,1.5288880386458588,0.5357426528991263,1.4019160812293092,0.5516282764216848,1.522167464065779,0.5369340746742662,1.397402158064725,7.569953009853106
106,0.9885658281607318,0.03362700716171388,0.79941195689631,0.5433316270497374,0.7505717085724911,0.7032894643059512,0.8239137536363249,0.5127644256726077,0.7814439725190431,0.5921073842967737,2.3944110849331266,0.6799046862707714,1.7973352216955572,0.5393169182127103,1.5379139606539838,0.5361397934868943,1.4056335263800488,0.556791104050834,1.5801912930108328,0.5432883240667196,1.3444137376710192,7.674781633805812
107,0.9885658281607318,0.03329303502209954,0.8034955896960485,0.5373598139140389,0.7486115648480889,0.6934045086554241,0.8253838614442309,0.4853227388786748,0.7744201241034926,0.6177880484483009,2.3764673097972504,0.6846703733239882,1.8417448199726314,0.5270055599682287,1.5891950042641665,0.5361397934868943,1.3938279105520515,0.5607625099285147,1.584553989415324,0.5369340746742662,1.349063066873667,7.7676866094302905
108,0.9885658281607318,0.032842366196244456,0.8056190787519126,0.5350466215972689,0.754818686664747,0.6957835692745609,0.8271806599345327,0.4930339040260851,0.7860176413131672,0.5921953678598438,2.3582042068953766,0.6961874503692622,1.8053542775951277,0.5381254964375705,1.5169223628174795,0.5313741064336776,1.4027572172894376,0.5587768070015101,1.587746082363477,0.5393169181890389,1.3474456001786224,7.6695300303725045
109,0.9882391375367527,0.041655511327341514,0.806272459941454,0.5330893089912639,0.7443645867753053,0.7018880447271173,0.8235870630512905,0.503047603820516,0.7783404115912417,0.5996701353196419,2.388656180187675,0.6818903892096118,1.7505733376398285,0.525814138228596,1.5850393727149539,0.5405083399523432,1.3877066248366527,0.5675138999205719,1.5150254880084795,0.531771247045117,1.4023950027037084,7.650046684137879
110,0.9911793531525646,0.026810469088947075,0.8036589349885658,0.54087268183606,0.7500816726559948,0.6882860252608742,0.8237504083243354,0.494552050247102,0.8007187193338094,0.5641129123876392,2.323944214589064,0.6814932486218437,1.8333952387097678,0.5369340746742662,1.5033807215991712,0.5198570294357463,1.4147479162981247,0.5548054011119936,1.5741918678791207,0.5409054805519469,1.3703381010139624,7.705369315704152
111,0.9901992812806273,0.02733791937041276,0.8139496896633795,0.52745082701822,0.7634759882586099,0.6662195667609869,0.831427638046261,0.48885499443816266,0.7894478928649477,0.5858635861318278,2.30504922074689,0.6818903892096118,1.766372435701005,0.5504368546465449,1.5003812742242746,0.5341540905717255,1.4332698491165996,0.5432883240667196,1.5479210448511258,0.5512311358339167,1.3079918067638983,7.565264563602147
112,0.9939562234563868,0.017142718557832653,0.8124795818554735,0.5098887715453378,0.7629859522836966,0.6732292686440282,0.8258738973996718,0.4916619465499873,0.7879777850570417,0.5797897204391631,2.2810411638623163,0.6878474980261328,1.8576904681073025,0.5353455123350297,1.547786985293942,0.5277998411437649,1.4485407231155134,0.5555996822875298,1.5728292165293023,0.5405083399760146,1.3814366221830332,7.817613154768091
113,0.9906893172165959,0.025458051346687986,0.8126429271674631,0.5135080025344844,0.7589023195423749,0.6868192640950733,0.8283240770795149,0.4910061088254038,0.791898072486374,0.5779983396041007,2.30412171970431,0.6854646544995243,1.9822073907398536,0.5301826846940447,1.5846406811252058,0.5496425734946802,1.3572201706806377,0.5246227164416203,1.653802829142882,0.5484511517313759,1.349943681024577,7.937151968715871
114,0.98921920940869,0.03227371382282316,0.8075792225152595,0.5114827078761949,0.7585756288405066,0.6922876035921794,0.8315909832998336,0.4777771474118717,0.7852009147532194,0.6048775798684045,2.328036062665252,0.6751389992175545,2.093444901336966,0.5194598888124712,1.62370717023648,0.5305798252818128,1.397759629915024,0.5536139793486894,1.6023816078120134,0.5333598093843536,1.3612229808916452,8.087855369349715
115,0.9893825547206795,0.03464048404390019,0.8142763802873586,0.5175634977748214,0.7585756289183957,0.669421840224224,0.829957530238355,0.48538986478355034,0.7852009147532194,0.5873388857360137,2.303699388413677,0.6854646544995243,1.8688808922713949,0.5246227164416203,1.6052703960865997,0.522239872915012,1.4239059120913742,0.5615567911040509,1.6259946949525519,0.5448768864414634,1.3741819998449138,7.907580603295797
116,0.9901992812806273,0.028404778044480813,0.8129696177524977,0.5245857619257855,0.7638026788436444,0.67468233663091,0.8291408036784073,0.47893505914660695,0.7878144397450522,0.5718273746153374,2.2877839666221393,0.6918189038919778,1.8326627487845681,0.5341540905953969,1.5564648727157744,0.5468625893566322,1.3878592987492313,0.5567911040745054,1.5060306147888978,0.5436854646544876,1.3467865884304047,7.639150925152258
117,0.9903626265926168,0.028714928979665825,0.8185233583406699,0.5053402774281768,0.758248938255472,0.6827564931887499,0.8353479254755932,0.4751660222128613,0.7967984318850049,0.5533381114010716,2.254664169110258,0.6894360603772051,1.9009059632465268,0.5460683081810961,1.5677768983852305,0.5178713264732345,1.4425569383562131,0.5563939634749017,1.5896484718330328,0.5389197776131066,1.3366797581030982,7.846913474812405
118,0.9877491015618395,0.033033397630313585,0.82293368178386,0.4923441612381672,0.763149297654103,0.6706038435780507,0.8279973864555359,0.49817324138396474,0.7969617772164668,0.5654374306126383,2.2689413705786547,0.6731532962787142,1.759934272769394,0.5357426528991263,1.606313234880105,0.5186656076250993,1.4348730317792597,0.5468625893566322,1.6159993825780674,0.5401111993882465,1.3942544044212182,7.820726306406253
119,0.9895459000326691,0.03205127648799515,0.8208101927669404,0.5012858170810301,0.756615485096632,0.6764878946575843,0.8405749754982031,0.4612319230892151,0.7948382881021858,0.551710949511514,2.232122394587627,0.6953931691937261,1.8060753013404394,0.5254169976408279,1.5606608929747243,0.5393169182127103,1.408774717352142,0.5599682287648142,1.6067597593836977,0.5393169182008747,1.3646029998933729,7.756230886442686
120,0.9908526625285854,0.030789766890897585,0.8152564521592959,0.5013372768708515,0.7561254492190802,0.678591840721275,0.829957530238355,0.49380698251942334,0.7984318850049004,0.5475409409053786,2.2614289862157007,0.6751389992175545,1.902134112075302,0.5198570293884035,1.5903783840045178,0.5345512311594935,1.4054599027012529,0.5643367752184273,1.6072360474950649,0.5262112788163641,1.4380671622688757,7.952640602757194
121,0.9906893171776513,0.031877050569342244,0.8297941848679486,0.48566993728781477,0.7651094413395607,0.6658349707600962,0.8343678536231282,0.46776872048655277,0.7922247631882422,0.5755117295303208,2.236034817416775,0.6814932486218437,1.8062849639312233,0.5337569499602859,1.5936287241951637,0.5393169181890389,1.3733701229663573,0.5587768070015101,1.6145297450807192,0.5424940429030192,1.3853688474635077,7.7825592107674355
122,0.9885658281607318,0.033713660436469825,0.8163998693432227,0.4959183142139257,0.772459980359618,0.6620908449654952,0.83257105524966,0.4636430356460473,0.7943482521662172,0.5546427665096372,2.219388284701921,0.6862589356750605,1.778907614097428,0.5472597299444003,1.5483483314821889,0.5349483717472616,1.4055646013607574,0.5575853852500415,1.5976757262319303,0.5393169182127103,1.4090573440429424,7.748936719795936
123,0.9900359359686377,0.023799557397763967,0.8106827833846441,0.5100210203294153,0.7600457367068294,0.6740701147268426,0.8319176739238127,0.4656387067374666,0.7914080365504054,0.5694914585681026,2.252399096298903,0.6715647339394776,1.9604203124392885,0.5337569499602859,1.5516795169701172,0.5349483717235901,1.413426273630383,0.5702938840586198,1.5424494272285838,0.5424940429030192,1.3910573419535606,7.868410261023887
124,0.9929761515844495,0.020600441706059153,0.8311009474222818,0.4738241001812705,0.7634759882586099,0.6602082176365832,0.8356746161190446,0.46078329380724564,0.7936948709766758,0.5609138669121776,2.1857136223527274,0.6751389992175545,1.9632476436658863,0.5270055599919001,1.5989405562342207,0.5365369340746624,1.4278613812067473,0.5381254964375705,1.6346232352084447,0.5158856235343943,1.4672500310351775,8.10131118693363
125,0.9900359359686377,0.029600411147462945,0.8250571708202518,0.4890486082291533,0.7572688663835347,0.6727812931365104,0.8301208754919277,0.4723903295875803,0.7940215615811826,0.576931658483572,2.2501395106588227,0.6771247021445592,1.862458847352911,0.52263701350278,1.5539613180602232,0.5178713264732345,1.4361759759870383,0.5643367752184273,1.6643679380132812,0.5397140588004784,1.4053666628216637,7.931722380037437
126,0.9919960797125122,0.023412309248487785,0.8294674942634418,0.47552214133042364,0.7615158444563185,0.6730373346875673,0.8394315582753318,0.4603933075096669,0.808395949055735,0.5247485581195187,2.166506490610815,0.6846703733239882,1.850069844732184,0.5349483717235901,1.6422283862960823,0.5305798252818128,1.485977179526904,0.5607625099285147,1.605464438510566,0.5472597299680717,1.3920882321107093,7.985220544389357
127,0.991342698464554,0.027106036932333277,0.8181966677166909,0.510578176966293,0.765599477256057,0.6521872418528871,0.8364913427179368,0.4719473009540224,0.7948382881606026,0.5524765329008903,2.2236918667802934,0.6914217633160454,1.7966252869571877,0.5420969023152511,1.5642959970013313,0.537728355861638,1.46118982659388,0.5504368546702163,1.5074801664678137,0.5436854646663234,1.4148120670161426,7.753801418165066
128,0.9923227703364913,0.02418130894119688,0.8219536099508672,0.4941934056626313,0.7667428944984007,0.6460844060051328,0.8353479255534823,0.47113368418511903,0.8046390068215585,0.542105397867323,2.1870992187579756,0.6727561556909462,1.8703931260094302,0.5178713264732345,1.5468393893493746,0.5194598888243068,1.4558396707743857,0.5492454329069121,1.6523741100329647,0.5365369340983338,1.4515631029750735,7.986409674001365
129,0.9924861156484809,0.025095248202801054,0.823260372407839,0.48055563530708517,0.7667428944984007,0.6525385079528724,0.8386148317738009,0.4746828213484994,0.7987585756288794,0.5409412973264354,2.1832197143220697,0.6914217633160454,1.874683595399272,0.5305798252581414,1.6164988421844622,0.5468625894039751,1.423276450612225,0.5635424940428911,1.5687082960929446,0.5329626688320926,1.4105366351019304,7.903117841155497
130,0.9921594250245018,0.021874086036551766,0.8195034302126072,0.4886194584280866,0.764292714779613,0.6467414902963112,0.8386148317932732,0.4629150084403947,0.800882064645799,0.5536593049423868,2.1832184117045212,0.6918189039038135,1.8202608951462194,0.5281969817552044,1.6100529619567303,0.5555996823348727,1.3750025443466436,0.558379666413742,1.6122436847972719,0.5313741064336776,1.3978195254460888,7.824791866602454
131,0.9926494609604705,0.019195923606213545,0.8270173146420154,0.4834753588908095,0.7747468147858885,0.6323265619466446,0.8436785364454769,0.45110882409294223,0.8048023521724926,0.5426721859021111,2.1381927166682995,0.6775218427323273,2.1482503804063087,0.5309769658459095,1.6592429236844004,0.5262112787926926,1.4557564266623724,0.5480540111199365,1.6721938470226134,0.5401111993764107,1.382761443769108,8.327621292935373
132,0.9915060437375991,0.027663053256153616,0.826853969271609,0.48056491487986586,0.7587389741914407,0.6608522886623942,0.8443319176934351,0.45297183226386306,0.8043123162559963,0.5329624992575921,2.164429861671276,0.694996028605958,2.0199366919757242,0.51469420177109,1.6500176369516597,0.5496425735183516,1.3884115564482282,0.558379666413742,1.6104215666166461,0.5440826052540915,1.376816761029723,8.055019892616059
133,0.9944462593923554,0.019889210667297513,0.8330610911077395,0.46329209349662487,0.7721332897551112,0.636160594678634,0.8451486442728551,0.44050693480807246,0.801535445952174,0.5618880726190144,2.1311525285964463,0.6711675933398739,2.182870368976423,0.5063542494042891,1.6580129029189339,0.5162827640984908,1.4748885749681684,0.5436854646663234,1.6513227633392176,0.5369340746742662,1.4189387830632656,8.395450714753675
134,0.9911793531525646,0.02993663735186117,0.8301208754919277,0.4698626185429326,0.7631492976346307,0.6401612031054785,0.8387781770857905,0.44830626842244237,0.8065991505654331,0.5297970498593482,2.1274823355776,0.6751389992175545,2.0881598694949495,0.5119142176567135,1.6254252203998345,0.5409054805401112,1.4072140939089872,0.5555996822875298,1.6042621626656997,0.5317712470332813,1.3905446673251505,8.125031059180298
135,0.9929761515844495,0.023946260980301424,0.8293041489514522,0.47808824260029986,0.7750735053903953,0.6474232419823868,0.8423717739495605,0.45696462918169084,0.8085592943677244,0.5251551495973911,2.1409991530568253,0.6787132645074672,2.074405444777561,0.5250198570530599,1.6304316887124557,0.5420969023034155,1.4330045776271554,0.546862589368468,1.6050559122284032,0.5321683876210493,1.3725252543014606,8.124844423828852
136,0.9931394968964391,0.021812805305527316,0.83093760209082,0.47556768925857484,0.7768703038417526,0.6449528688389038,0.845475334818945,0.43073789445803234,0.8134596537079386,0.5144887070315447,2.0969891250230877,0.6787132645193029,2.202426119917944,0.5254169976289922,1.6362357979834175,0.539714058776807,1.4109225049674086,0.5555996822993655,1.6509192174535787,0.5277998411556006,1.4478251433874332,8.357756267377932
137,0.9923227703364913,0.023069679832440636,0.8293041489514522,0.4751004171270204,0.7737667429139512,0.6385916197895809,0.8409016660832377,0.4528547266814024,0.811662855237109,0.5264737573724602,2.1255198987781982,0.689038919789437,2.1764409723796536,0.5262112788045283,1.6468561038528764,0.534154090548054,1.4705244496973664,0.5484511517077045,1.6990855050238471,0.5389197776131066,1.4069808892923465,8.409315287640778
138,0.9936295328324077,0.01830763167944044,0.8335511270631805,0.45717144679376714,0.7695197648022231,0.6480325181396208,0.8471087879972573,0.45155913517857565,0.8128062724405081,0.5099362349712705,2.0944387388556502,0.6822875297973798,2.233963162101049,0.5206513105757753,1.6538961186644054,0.5357426528991263,1.4126520384224375,0.5460683081810961,1.739288561347934,0.5345512311476578,1.4184417951855042,8.467674885220335
139,0.9937928781443972,0.024450055792882883,0.8335511270437082,0.4555127666846322,0.7760535773012771,0.6286291450271806,0.8382881411108772,0.46885766781688865,0.8085592943093076,0.518517032883908,2.105399482198028,0.6957903097814941,2.0951282420236947,0.5234312947019876,1.5896103313226753,0.5190627482365388,1.4394532219344798,0.558379666413742,1.5935669049348407,0.5416997617393188,1.4270185094306023,8.1542134974285
140,0.9931394968964391,0.02330086361236801,0.8276706958120845,0.47804818612732397,0.7719699444431216,0.6443683215894952,0.841881737955175,0.44052089908005404,0.8108461286966335,0.520839485787987,2.1165158467447007,0.6751389992175545,2.0453066249728287,0.5190627482247031,1.6179755134678153,0.5190627482128674,1.5040229285303044,0.5702938840586198,1.565212413893511,0.5250198570412241,1.4180504566293752,8.160012549687417
141,0.9926494609604705,0.02563865592408595,0.8312642927147991,0.48353575514212654,0.7771969944267871,0.619813340769917,0.8484155504347568,0.44026289895366744,0.808069258373339,0.5383067394891855,2.1170020101117917,0.6739475774542504,2.1145416199881732,0.5063542494161248,1.6359318256839765,0.5174741858854665,1.4504545726787486,0.5559968228989692,1.6401740281330015,0.5266084193922964,1.4713624537795948,8.32190741954861
142,0.9921594250245018,0.022650243665911337,0.8446586082589973,0.4371800126884545,0.7829140803853658,0.6234852190171142,0.8451486442339105,0.4367884086364042,0.8131329631034317,0.5210183959251056,2.050563677351913,0.6783161239196991,2.133272462937867,0.5194598888006354,1.6927701698392748,0.5341540905953969,1.4345916109936308,0.5575853852382059,1.643062717496544,0.554408260547897,1.4388932993574877,8.352028896734769
143,0.9900359359296932,0.033496699905848325,0.8384514864228668,0.4621327271924148,0.7718065991700767,0.637317363478241,0.8482522051422395,0.42832947362485724,0.8103560927996095,0.5104352465664316,2.0811550716916085,0.6862589356750605,1.9852135440653884,0.5405083399760146,1.607381961428996,0.5401111994119179,1.4459434118627839,0.5540111199364575,1.7370342542672554,0.537728355861638,1.4075072845998882,8.192531755748867
144,0.9897092453446587,0.03004656128877967,0.833551127102125,0.4696587353935042,0.7677229663508657,0.6569565482308607,0.8435151910750704,0.4593645112162437,0.8134596537079386,0.5105447273206103,2.1360210289716797,0.6934074662667215,1.9807792229629688,0.5305798252581414,1.651068422608995,0.5432883240667196,1.4323118257560457,0.5643367752420988,1.6598829622776192,0.542891183502623,1.418683478894264,8.152176569907603
145,0.9923227702975468,0.020388523761782816,0.823260372407839,0.47807550817796196,0.777850375655273,0.6294138002866859,0.8454753348773618,0.44008887580351597,0.8090493303036931,0.5312921969924087,2.1087153045930958,0.6783161239196991,1.9991520707995476,0.53733121527387,1.6213642561644008,0.5329626688084212,1.431273796096314,0.5587768070015101,1.630608674692104,0.5329626688084212,1.445055509696258,8.13691363247545
146,0.9936295328324077,0.020773558667300893,0.8382881411498219,0.45248066777304397,0.7755635412874193,0.6276020680872766,0.8426984645151228,0.4622105103045731,0.819503430271024,0.4947301104971491,2.067255217979952,0.6791104050952352,2.014421048873926,0.5214455917394758,1.6889488331417275,0.5317712470214456,1.4147580136989582,0.563939634642495,1.5781328233818481,0.5329626687847498,1.4533800530092786,8.15909510211778
147,0.9926494609604705,0.024521875786118863,0.8428618098271123,0.448585088912742,0.7837308069453135,0.6014113197993392,0.8413917020386786,0.4564309246163865,0.8216269192684713,0.4943539219446254,2.0347593534775554,0.6715647339276419,2.020737469555101,0.5293884035066729,1.6207602076510572,0.5420969023270868,1.4387931256681514,0.5436854646544876,1.6630634511624942,0.5345512311476578,1.4765427418414139,8.229352888746618
148,0.9936295328324077,0.016723926407628716,0.8395949036457382,0.44487654829835316,0.7896112381185203,0.6047962776384335,0.8531525645213982,0.42740020141789276,0.8080692584122836,0.5282291237998733,2.0314785966060005,0.6826846703851479,2.1423107772422796,0.5135027800077858,1.6811332655648943,0.5385226370371742,1.4352677799199098,0.5591739475774424,1.6234208006438422,0.5238284352779199,1.4801495957696504,8.371733576461756
149,0.9934661875204182,0.02391621943140097,0.8471087879972573,0.42760628309953996,0.7871610584581494,0.6044432614138608,0.8422084285791541,0.452005208259079,0.8178699771316563,0.5030450268396947,2.020474602295191,0.6803018268585395,2.105403604966371,0.52263701350278,1.690997555366672,0.5579825258378096,1.3852530372365304,0.5639396346306592,1.6743063349321166,0.5401111993645751,1.4322575838486291,8.297676383738862
150,0.9908526625285854,0.024620207085674577,0.8356746161579891,0.45703719956973765,0.7796471741066303,0.6316936971587475,0.8546226723487764,0.4273683059569941,0.815256452100879,0.5075579964133191,2.057732200513514,0.6834789515606841,2.001619011281976,0.5178713264495631,1.6894665030234384,0.5270055599919001,1.4185328001394644,0.5532168387609213,1.6942144654353901,0.5512311358457525,1.3953578624818135,8.208645497928828
151,0.9937928781443972,0.02122560571067919,0.8440052270305114,0.43249303028985436,0.771479908507153,0.6297393016899305,0.8446586083174141,0.44030657195452966,0.8230970270958495,0.5062521255433033,2.03947325494312,0.6953931691937261,2.1009737575838106,0.5258141382167603,1.68546406956681,0.5504368546938877,1.40485745464837,0.5667196187568715,1.5906662237345937,0.5472597299444003,1.4780226647853851,8.269444311488897
152,0.9937928781443972,0.018694398192150942,0.8451486441949659,0.43807888950097407,0.7780137210256794,0.6127965899122887,0.8420450832866369,0.4368962162228746,0.8147664162233272,0.5129481136545719,2.0288716449880866,0.6938046068426538,2.128499731469969,0.5230341540905481,1.6431461561551115,0.5357426529227978,1.4613467989884452,0.5480540111317722,1.6661599116064045,0.5281969817552044,1.4388221404541097,8.34743343202532
153,0.9931394968964391,0.019568697155271507,0.840411630147269,0.4383110350952628,0.7789937928586721,0.6161990284004542,0.8534792551648496,0.43756522786886,0.8276706958705013,0.49889465090652885,2.0200005812568627,0.6826846703851479,2.18197740251081,0.5162827641221623,1.7317784073761855,0.5297855440826053,1.4537361909985258,0.5476568705321684,1.736777336991335,0.5349483717235901,1.473463572472973,8.587193149342434
154,0.9939562234563868,0.021865938976649936,0.8417183927016023,0.44366301548944426,0.7902646193664785,0.5999917033761594,0.8508657301535446,0.4411069327458491,0.8242404442603041,0.4818312464606252,1.9979230931131562,0.6854646544995243,2.06437228025502,0.5341540905717255,1.6322811441207519,0.5254169976171564,1.491388074467824,0.5516282764098491,1.6572885661962204,0.541302621139715,1.4475225511734167,8.3023202432537
155,0.9931394968964391,0.024641449014938005,0.8363279974059473,0.45805844338413004,0.7727866710420139,0.6434297271119112,0.8487422411171528,0.43496418296706635,0.8245671349232278,0.49059793831125187,2.061159364930246,0.6894360603772051,1.9991105510638247,0.5361397935105657,1.6237071001453944,0.5416997617156474,1.4247517233997038,0.556791104050834,1.6333279370598797,0.5416997617393188,1.4010930687212773,8.091461107028298
156,0.9933028422084286,0.02395264047097285,0.8520091472985268,0.42744178564203444,0.7840574975108757,0.6097859614174259,0.8480888598107778,0.4444285822787031,0.8221169552239123,0.4926037404008334,2.0076821939262133,0.6791104050952352,1.979839626460845,0.5254169976171564,1.6864218448981867,0.5293884035185086,1.4579219652178554,0.5559968228752978,1.6741968413091444,0.5508339952461486,1.4233786123342416,8.231229110214803
157,0.9931394968964391,0.019740773461448445,0.8426984645540673,0.44406509417912726,0.7789937928391999,0.6180962744743673,0.8585429597781087,0.42209404315562155,0.8252205161517137,0.4844278270261267,1.9978937276318665,0.6810961080340756,1.9773428414236778,0.5226370135264514,1.6696575568534724,0.5341540905717255,1.487950490700337,0.5436854646663234,1.6527990565307562,0.5373312152620343,1.453556484923749,8.250777974783949
158,0.9939562234563868,0.015763270122264524,0.8379614505258427,0.4483210105145924,0.7873244038090835,0.6008476871986165,0.8529892191704641,0.42528019299775077,0.822770336510815,0.4868588498393448,1.9865423849851078,0.6961874503692622,1.9644456762451818,0.5420969023152511,1.6453753019845065,0.5389197776012709,1.4531083256124597,0.5691024622716442,1.525375555570491,0.5436854646663234,1.4488884961207391,8.046670932254685
159,0.994609604704345,0.016555981368015137,0.851192420796996,0.4161083941578826,0.7817706631430221,0.6204626958614001,0.8562561254102551,0.4105837482208132,0.8263639333161682,0.4832359504871063,1.956425765767202,0.6862589356750605,2.1251827536111607,0.5333598093843536,1.7177635092078172,0.5389197776249423,1.4428743398004908,0.5643367752184273,1.6300467132007062,0.5321683876328851,1.4894985435641503,8.414842181020166
160,0.9939562234563868,0.01851758710685544,0.8502123488666419,0.44039570918195353,0.7892845475334858,0.5904627233811821,0.8583796145050637,0.40804525308751544,0.8245671348842831,0.4827159348070836,1.9496144667555015,0.6906274821405093,2.002676528617662,0.539714058776807,1.66475640039675,0.5285941223429724,1.4835329745334704,0.5516282764216848,1.6176852131761001,0.5377283558379666,1.4275170209816848,8.205651234027599
161,0.9929761515844495,0.02133042367412919,0.8529892191704641,0.41709287702667286,0.7835674616333239,0.6061016468782122,0.8546226722903596,0.4309463102963188,0.8235870630512905,0.49768124058068636,1.982632188382627,0.6691818904010335,2.13552518066887,0.5158856235107228,1.6859887044424098,0.5456711676169994,1.4285397845497199,0.5460683081929318,1.71900494525178,0.5389197776249423,1.481748072056187,8.460286038938829
162,0.9933028422084286,0.01915743845360609,0.8492322770531214,0.4269236299735352,0.7907546553024472,0.5894618283218513,0.8510290754850064,0.4357517909006681,0.8312642926953268,0.4775479342648501,1.9583230621477468,0.6771247021563949,2.1709495030708172,0.5198570294002393,1.7158749514245344,0.5405083399523432,1.4415792898527207,0.5544082605242255,1.6764944674620277,0.5174741858736308,1.4811607167018226,8.495543528777253
163,0.9952629859133586,0.014779126885950964,0.851192420796996,0.4355069751717693,0.7896112381769371,0.5849993171663854,0.8588696504605047,0.40456936864516424,0.8244037895917659,0.48789068453843903,1.9372313033518,0.6918189039038135,2.0148845300464413,0.5210484511517077,1.6530281089607262,0.5353455123350297,1.4429978202552054,0.5579825258141382,1.7053551640749167,0.5361397935105657,1.470829773318493,8.29657888601847
164,0.9950996406403136,0.015598417304803863,0.8449852988829764,0.4399488772667533,0.7847108787977785,0.5830508184682228,0.8523358379419782,0.40379826009409836,0.822770336510815,0.4851154047595407,1.936995030851467,0.6906274821405093,2.0119950673682543,0.5135027799959501,1.6550021793654839,0.5309769658459095,1.4694217210539378,0.5548054011119936,1.6540348614085942,0.5389197776012709,1.4174543915758822,8.217392252209264
165,0.9929761515844495,0.024816561779839902,0.8559294348446927,0.4153307803274564,0.7930414896703007,0.5863691736615121,0.8462920614373096,0.43341971763946074,0.8311009474028095,0.47612474404083127,1.9455419489465793,0.6814932486218437,2.0149210855720843,0.5492454329305835,1.6322853122353318,0.5496425734710088,1.4413641046161592,0.5599682287648142,1.649018452127743,0.525814138228596,1.4565453294300674,8.203617189496732
166,0.9928128062724599,0.023152995140818554,0.8498856582426627,0.4255690603708372,0.7897745834889267,0.6094015535966355,0.852009147376416,0.428011674812439,0.8245671348842831,0.489382862363209,1.984991339950225,0.6814932486218437,1.995639926728315,0.5166799046980947,1.714960331329521,0.5230341540905481,1.4970531573754347,0.56791104050834,1.6935105130159258,0.5329626688084212,1.5199305328042665,8.430569172663002
167,0.9949362953283241,0.01779520243774263,0.8542959817053251,0.4100247546665344,0.7920614178178358,0.586182248082203,0.8621365566808232,0.3941400839160058,0.828487422430449,0.47311518827866433,1.8907322080569189,0.6898332009649731,1.8829215943325301,0.5277998411911078,1.6685827823623578,0.520254169999843,1.4541474207703133,0.5559968228752978,1.6397615087893957,0.5508339952579844,1.4648747910243163,8.119755504053675
168,0.9941195687683764,0.021691674844508537,0.8505390395490378,0.4318602138759653,0.7892845475334858,0.5949958086510337,0.8528258739168915,0.4253877245086893,0.8188500490230659,0.4897560672271645,1.9731581088414734,0.6906274821405093,1.8478633193896508,0.527402700508654,1.645250931630729,0.5357426529227978,1.4553774746521018,0.5567911040626697,1.6334327152553676,0.5281969817433687,1.4615006785813165,8.052890086761062
169,0.9941195687683764,0.021438663826565767,0.8520091473374715,0.4157445302043854,0.7850375694022853,0.6006696197730348,0.8609931394579519,0.399520909073539,0.8252205161711859,0.47533532832035713,1.9221822249659601,0.6727561556909462,1.959098736015633,0.5242255758775237,1.5863666318126195,0.5190627482128674,1.4918485571696136,0.5555996822993655,1.719663228422427,0.5385226370371742,1.4759067645425168,8.242361694408656
170,0.9944462593923554,0.021694376904192746,0.8521724926689332,0.4105529119106961,0.7876510943746458,0.5979459711010648,0.8611564847699414,0.4057268797377674,0.8262005880041786,0.49125053975286925,1.9366438070257985,0.6902303415527412,1.8728290055187273,0.526608419404132,1.6843243385735394,0.5424940428911835,1.434735691315414,0.5575853852382059,1.723814501683801,0.5591739475774424,1.377335027108787,8.102507813948312
171,0.9936295328324077,0.019702110912126515,0.8533159098528601,0.4091943109280843,0.7884678209930104,0.592378174331756,0.8575628879451159,0.4220746088199797,0.8346945442860518,0.474841844856408,1.927659366536631,0.6858617950872924,1.9683764819468255,0.5289912629307405,1.6626294504827432,0.5242255758775237,1.508293731284577,0.5548054011119936,1.6403300534694132,0.5397140587886426,1.4649003954090893,8.254002601784123
172,0.9952629859523031,0.018090509262860547,0.8560927800982655,0.4003618914476994,0.7914080366088222,0.5881414648287828,0.8565828160731787,0.40417359978671324,0.8302842208623341,0.47129522496210674,1.8915294727364695,0.6735504368664823,1.8893356192662847,0.534154090548054,1.6295915370994944,0.5087370929545689,1.5301653832741633,0.5492454328832407,1.6985925204039947,0.5262112788045283,1.5250474614600893,8.28219986757274
173,0.994609604704345,0.01673893417232821,0.8454753348773618,0.42501507078810713,0.797941849088404,0.5716498299620191,0.8578895785690951,0.41080132833165073,0.8325710552301877,0.4731311575722282,1.9068079953176529,0.6894360603772051,1.855291393107954,0.5285941223311368,1.6558792948651826,0.5262112788163641,1.5001791929611619,0.5607625099285147,1.6644679053706533,0.5420969023152511,1.437845966070772,8.123138097470672
174,0.9928128062724599,0.02224513811247349,0.8523358379614505,0.4258241233668737,0.7910813459458985,0.5975859447734413,0.8606664488923896,0.40364142810838827,0.83649134265952,0.4653546148287397,1.9241221751780417,0.6882446386139008,1.9900748975851572,0.5123113582208102,1.7684076819524488,0.5548054011356651,1.4107536901501647,0.5516282764216848,1.695472220161588,0.546862589368468,1.4550352509387245,8.329212319386961
175,0.9939562234563868,0.01714070962460789,0.8493956223456387,0.42004984803193535,0.7971251225284562,0.5671731605127878,0.8650767723161074,0.3910795644154466,0.8278340411824909,0.46378200514103923,1.8686995075170374,0.6791104050952352,2.0899181044485053,0.5270055599919001,1.6268884273655742,0.5170770452976984,1.5783006655876366,0.5631453534669588,1.6774489563831363,0.5369340746742662,1.5124590145372228,8.494495368553022
176,0.9941195687683764,0.018885743858653544,0.8539692910424014,0.4129507049884098,0.7871610585165663,0.5794260284550943,0.8529892191704641,0.4066542095411295,0.8400849395817068,0.44958600599521986,1.8769844730318626,0.6945988880181899,1.9120872314592567,0.5202541699880073,1.6732629603507312,0.5452740270055599,1.438952123768468,0.5663224781572677,1.6549966494797643,0.5409054805519469,1.4654794211327036,8.154263968312428
177,0.9941195687683764,0.022051980580484465,0.8632799738258056,0.38965586273742636,0.7856909506502435,0.6057042136802973,0.8654034629011419,0.3921624529268258,0.8413917020192063,0.460063930908787,1.8791244558865865,0.6806989674463075,2.1085990065155484,0.5210484511635434,1.7283154600096469,0.520254169999843,1.5053843603165402,0.5500397140587768,1.6907668321543596,0.5536139793723609,1.4157124974123536,8.458260260469105
178,0.9954263312642927,0.015380714190941286,0.8549493629727555,0.40641871051377854,0.7922247631298254,0.5805506625817283,0.8591963410260669,0.39341640152093127,0.8343678536231282,0.46496937628159996,1.8702176705328946,0.6922160444915816,2.0887419731981423,0.5210484511517077,1.6864591181704314,0.5258141382049245,1.52260505343544,0.557982525825974,1.6808857957316923,0.5277998411556006,1.487083176045876,8.475260095619038
179,0.9962430578242405,0.012760644604305664,0.8590329957530218,0.39453653299347985,0.7999019927738618,0.5631356133487013,0.8619732114077783,0.4069994508694372,0.8410650114341719,0.4484990287531984,1.8354163294483423,0.6834789515606841,2.180252507736019,0.5246227164416203,1.7858122686357656,0.5246227164652918,1.466649481400883,0.5508339952461486,1.6670039266797643,0.5381254964375705,1.4603765078297297,8.569576538773735
180,0.9954263312642927,0.015796886641840608,0.8534792551259051,0.42461611994027076,0.8000653381247959,0.5632977821456182,0.8727540019796161,0.36750247234302735,0.8328977458541669,0.4725343271510658,1.8532295224714108,0.6850675139117562,2.151517365220725,0.5309769658932523,1.7267858950662367,0.5444797458300238,1.4613340985595091,0.5500397140706125,1.7192382932987547,0.5413026211278793,1.4364027354845554,8.504761518231453
181,0.9949362953283241,0.01792109170831912,0.860176412956421,0.3924222706833216,0.7943482521662172,0.5824843202490932,0.8570728520480919,0.42334525285690916,0.8283240770795149,0.4755397476779211,1.901195389271873,0.683876092148452,2.1742781330471797,0.5226370135264514,1.8154573785385222,0.5238284352897556,1.5455877436495093,0.5436854646544876,1.6860496498366213,0.5369340746861019,1.4131517123854094,8.6440121902181
182,0.9960797125122509,0.014541701156546273,0.8547860176218214,0.4113867434069675,0.791898072486374,0.5880001142733006,0.8538059457693564,0.4028183881440454,0.84090166610271,0.4449076223357835,1.8711372322991018,0.6882446386139008,2.192958349204083,0.5190627482247031,1.7490154218351774,0.5270055599682287,1.476841824882271,0.5575853852263701,1.6564307430636276,0.5317712470332813,1.5091351888026387,8.593859949217986
183,0.9939562234563868,0.020337399911348447,0.8614831754328651,0.39201170319982775,0.8010454100356776,0.5596409703305795,0.8616465207253824,0.4101545489017421,0.8392682129828145,0.4481407420107914,1.83976137509575,0.6870532168505966,2.08808198719092,0.5345512311476578,1.7073528521780792,0.5297855441062767,1.5096158086543428,0.5536139793605251,1.670349270223719,0.5321683876210493,1.4885256210663094,8.47340617130634
184,0.9954263312642927,0.016567036797433553,0.8572361973406092,0.3993191466694445,0.7925514537343321,0.5838773611109073,0.861156484808886,0.3917261120716912,0.8338778176676873,0.4675853652371491,1.8685515509910422,0.6826846703851479,2.069839044443066,0.5381254964257347,1.709827662094232,0.5416997617393188,1.398203739578332,0.546862589368468,1.7158283353135926,0.5285941223311368,1.4182652402624807,8.321437290303757
185,0.9959163672002613,0.011892563638760761,0.8688337144723947,0.37315843929772435,0.7964717412220812,0.5703305301129604,0.8657301535640656,0.402747738706018,0.8405749755176755,0.4399474329007525,1.8075502009144098,0.6882446386139008,2.1492346783617258,0.5401111993645751,1.674517776213832,0.5349483717235901,1.4513749750575156,0.5496425734828444,1.7303233848288477,0.548848292319144,1.4917689152328242,8.506697405511373
186,0.9933028422084286,0.020312364817549392,0.8569095066582132,0.40521605831273666,0.7910813460043153,0.5816846781016876,0.8538059457888287,0.42682323597763455,0.8242404442603041,0.4835817843763239,1.9270868328652793,0.6707704527521058,2.029716218636956,0.5254169976289922,1.769265855132137,0.5107227958934093,1.5303862833427568,0.5567911040626697,1.5866967275490167,0.5210484511635434,1.543601273401471,8.469137457649891
187,0.9954263312642927,0.014672360708065876,0.8575628879451159,0.399231017770155,0.8000653381247959,0.5735610619440494,0.8546226722903596,0.4089638116175892,0.8374714145704019,0.4627180807401993,1.8686161678782167,0.7033359809490874,1.9391661955605362,0.5329626687847498,1.63989308424149,0.5246227164416203,1.5125970343354205,0.5484511517077045,1.6748096353483162,0.5413026211515507,1.48479644196719,8.26073168742458
188,0.9950996406403136,0.01109179500402477,0.862789937967726,0.38832811022536967,0.7946749427901962,0.5737372304695333,0.860176412956421,0.3896475914489674,0.8475988239137536,0.4313816969027047,1.8036523802690902,0.689038919789437,2.156044646912875,0.5317712470332813,1.7147175661251954,0.5218427323509153,1.507836685685339,0.5520254169976172,1.6744469882856767,0.5492454328950763,1.4691152541858985,8.531625209487176
189,0.99640640313623,0.013968280017875768,0.8559294348446927,0.39719818220423625,0.8005553740412922,0.5651453060871712,0.8658934988371105,0.39335898170475864,0.84253511926155,0.44245625046568343,1.8215947295278943,0.6866560762628285,2.21911730559958,0.5277998411437649,1.6366217918841965,0.517077045274027,1.5624932676577397,0.539714058776807,1.7303592815486282,0.541699761727483,1.4649151919189192,8.622977643092536
190,0.9959163672002613,0.011497029661462502,0.8698137863053874,0.3811384672454197,0.8031688990136526,0.5637375197937113,0.8567461613462237,0.4125050163198943,0.8343678536620728,0.4654190418222534,1.8437719135571056,0.6866560762628285,2.1530171423723954,0.5301826846703733,1.711245491065091,0.5397140588004784,1.475845821787669,0.5587768069896744,1.738011584336839,0.5496425734828444,1.4805682582264386,8.568159892693505
191,0.9962430578242405,0.015837525241161332,0.8658934988565828,0.379384619947821,0.7945115975366235,0.5733271477581512,0.8575628879256437,0.4080814150804322,0.8337144724141146,0.46119759473992267,1.8473009834956282,0.6898332009649731,2.135356915323741,0.5369340746861019,1.6920304581629464,0.5575853852263701,1.4624230379003489,0.5623510722914227,1.6827501123911621,0.5524225575853853,1.4386676492745012,8.420697572971735
192,0.9954263312642927,0.012994710195120517,0.8557660894742865,0.4016107589113522,0.807089186520874,0.5455389521901649,0.8556027441622969,0.41426602620795755,0.8423717738911437,0.43951141885860573,1.8233932081837547,0.6866560762628285,2.036219288130417,0.5313741064455132,1.6313820284650002,0.5424940429148549,1.4676948484799708,0.5361397934987301,1.7862565616845516,0.5389197776131066,1.4713925219320703,8.402419978422811
193,0.9950996406403136,0.01634644145606582,0.8609931394579519,0.3921095907288959,0.7912446912968326,0.566860311339393,0.8619732113688338,0.3924881917154018,0.8426984645735396,0.45619568362106727,1.833476259403858,0.6894360603772051,2.0595628095271064,0.5329626687847498,1.6317947329908928,0.5270055599919001,1.5164805071708036,0.5587768070015101,1.5852098199845874,0.5293884035066729,1.5116795649288948,8.314200254732697
194,0.9955896765762823,0.017994313995409177,0.8686703691798774,0.3725164381946002,0.8026788631361008,0.5626035259074535,0.8721006207121855,0.3841066704597476,0.8453119895653723,0.4439013173614441,1.7905965212005994,0.6787132644956314,2.178934753889838,0.5309769658459095,1.7721179818188604,0.5277998411437649,1.5421906984614606,0.5571882446386021,1.703441786945955,0.5333598093961893,1.5073501029428364,8.71351194135531
195,0.9957530218882719,0.015572022597878767,0.8557660894742865,0.405393657624741,0.7956550146621335,0.569055793177104,0.8681803332244364,0.39184248090101903,0.8322443645477918,0.46531312955784976,1.8566546944845972,0.6803018268585395,2.0527202191230156,0.5234312947019876,1.7040704551128474,0.5123113582444816,1.5140106225411414,0.5559968228871336,1.7017056752614694,0.5393169182127103,1.5069097967683749,8.488893841826036
196,0.9952629859523031,0.016228866792659512,0.8546226722903596,0.4044933165212115,0.7979418490299872,0.5667706064755759,0.864260045717215,0.4045943720001522,0.8471087879388405,0.44457196329629955,1.8461348063335898,0.6938046068426538,2.084426362003519,0.529785544094441,1.7071031155012921,0.5385226370371742,1.4467319510255758,0.5647339158061954,1.735063803820879,0.5325655282206532,1.47178073043952,8.454583899760832
197,0.9955896765762823,0.013644382320890802,0.8706305129237519,0.36953446176542015,0.8092126756156827,0.5420372953935996,0.8639333550737637,0.38720996184740064,0.8374714145509295,0.4565545704698921,1.7784578705955587,0.683081810972916,2.104432115774591,0.5274027005678326,1.7400415245579692,0.5293884035185086,1.5218434104425174,0.562748212867355,1.7000017127553275,0.5432883240785553,1.4539046114735228,8.529699264962678
198,0.99640640313623,0.015662488909465033,0.8691604050574292,0.37864076731466695,0.8008820646847435,0.5593509982464477,0.8591963410455391,0.40086011593928333,0.840411630147269,0.44450997492333166,1.8084911031685635,0.6735504368664823,2.1559272530026847,0.5317712470332813,1.7585304337209704,0.5532168387845928,1.5065645759036088,0.5464654487688642,1.7721479141920498,0.5444797458300238,1.4379626352094392,8.640596834793273
199,0.9936295328324077,0.01847582445854099,0.8660568441880446,0.37828759620759034,0.8097027114932345,0.5510579094178768,0.8689970598038564,0.38773922582772463,0.8417183926431855,0.43130630384236135,1.7763371984774052,0.6846703733239882,1.9991564436601528,0.5337569499721216,1.6669776938068572,0.5440826052659272,1.4841688894108234,0.5500397140587768,1.6700801438192605,0.5540111199482932,1.4616951075833027,8.29155046131234
