epoch,dense_10_acc,dense_10_loss,dense_2_acc,dense_2_loss,dense_4_acc,dense_4_loss,dense_6_acc,dense_6_loss,loss,val_dense_10_acc,val_dense_10_loss,val_dense_2_acc,val_dense_2_loss,val_dense_4_acc,val_dense_4_loss,val_dense_6_acc,val_dense_6_loss,val_loss
0,0.2213328977458347,2.0897227259719733,0.20352825875844646,2.1840665020688768,0.18033322443645866,2.204194967671182,0.18980725253185235,2.1934418512379876,8.680116060706222,0.34312946778426956,1.7168748392009658,0.3836378077839555,1.8176271299978777,0.23788721207307387,2.1497418013141685,0.24861000795464747,1.9891906441725655,7.681898691239482
1,0.4016661222017657,1.5328175095474357,0.3394315583142764,1.7701331092344705,0.2404442992510456,2.037530863841972,0.2533485788957857,1.9911037514857006,7.339861481145331,0.5198570294357463,1.2510352135651446,0.48212867355043687,1.4664172059112925,0.3061953931691819,1.8157125170785724,0.35504368548832593,1.8407942555649495,6.382074832537517
2,0.5276053577651778,1.2111562939299279,0.41457040182946747,1.5257555382269654,0.31280627246241444,1.8495134825957285,0.33044756615971943,1.8029761945683362,6.39741272959044,0.5563939635104088,1.1666032749570676,0.517077045274027,1.3933797257111318,0.39833200957871695,1.664132853648888,0.403494837172359,1.6188151250290814,5.8508532007503735
3,0.5855929435019943,1.0446482182756354,0.46047043453747444,1.4006103266886114,0.35037569423704823,1.7389327802520995,0.3851682456713492,1.6506101691384052,5.842673703916164,0.5897537728829266,1.0612964873942616,0.5277998411437649,1.2887891315580646,0.3919777601389207,1.6233293801853825,0.4630659253375695,1.514765091317338,5.495999510464354
4,0.6282260698923212,0.9335309859001336,0.47827507354433496,1.3453137126867774,0.38647500820621017,1.6221864155716694,0.4211042143090493,1.531873068596093,5.440699946370167,0.6056393963463066,1.0141553911983352,0.5583796664492491,1.2569210064420633,0.44956314540079795,1.4981915281347284,0.4872915011914218,1.4230245757046154,5.200076670756503
5,0.64472394644221,0.883746861009495,0.4955896766152268,1.2934114013922366,0.4088533159293057,1.5740094908854807,0.4513230970271153,1.4538317816742725,5.212772797619117,0.607625099285147,1.0016382940711248,0.5472597299917432,1.255865913946729,0.44400317712470216,1.5007179527646308,0.5138999205718825,1.3657511073128394,5.131740383726912
6,0.6886638353479255,0.7922042817782826,0.5133943156220874,1.2640545240066987,0.43825547207281973,1.4984857167577634,0.4815419797451813,1.3857968237928922,4.9483210125299735,0.6195393169655319,0.9912711539800627,0.5548054010646508,1.2472550109608767,0.45750595710881653,1.4266118911450774,0.5075456711675933,1.3610815075865996,5.034000586099905
7,0.7041816400258769,0.7496862475173375,0.5328324077098987,1.2079478599245508,0.46324730480235216,1.429929149925845,0.49248611565821704,1.3292520744120595,4.724611382358256,0.5889594917073905,1.0482736435837932,0.5214455917868186,1.2587635466463514,0.5067513899920572,1.3761162226686787,0.5321683876092137,1.3035512055737144,4.994504216931186
8,0.7293368179943779,0.6895448729439679,0.5400196014763833,1.1771143609034163,0.4872590656745516,1.3767176029223394,0.51796798431885,1.2607856767701775,4.5119768377613765,0.6203335981173966,0.996734638894428,0.5345512311594935,1.2227675533654483,0.49563145354638694,1.3734417170925306,0.5131056393963463,1.2927007080544737,4.893476758900856
9,0.7458346945247943,0.655420789002827,0.557660895151782,1.1482221819107457,0.49656974845795565,1.332143687960448,0.5447566154948718,1.213241225479086,4.356874114974033,0.6048451151944418,1.0382385355930086,0.5484511517077045,1.1881147726742969,0.48411437653662004,1.3695601053991613,0.5456711676169994,1.237517290971315,4.84130382291659
10,0.7600457367068294,0.6213876983185525,0.572852009108393,1.1043746968921748,0.5006533812284859,1.2981441202057766,0.55619078733414,1.176287081575752,4.208093134416782,0.6135822081490109,0.974648482038257,0.550833995234313,1.2034458613187382,0.5111199365048488,1.2943998565742,0.5369340746624305,1.2486403097322387,4.7290645459987894
11,0.772459980359618,0.5945276437495822,0.5816726559947729,1.0989546407012916,0.5262985952497892,1.2646221478987816,0.5708918653839906,1.1538578704345153,4.119917720799663,0.6155679110523441,0.9619722063338785,0.5639396346306592,1.1836393737811906,0.4896743447180302,1.3255072998754367,0.5667196187687071,1.225174017942927,4.704274054081123
12,0.7871610584581494,0.5439223119418864,0.5710552107349247,1.086282717873948,0.5568441685528897,1.214942776175427,0.5875530872458689,1.0996507184250766,3.9528102185437195,0.6151707704764117,1.02903350914449,0.5524225575853853,1.2064030418398837,0.5166799047099303,1.3010022343388619,0.5615567911277223,1.2083365248724807,4.752812965224905
13,0.8054557334399232,0.5072329904237863,0.5937602090819993,1.054842268746883,0.5668082326426689,1.1605895139625049,0.5965370793858217,1.0820327890110109,3.8127686425931544,0.6294678316242265,1.0398406096637203,0.5607625099285147,1.1341761054857276,0.5333598093725179,1.252683637443282,0.5607625099521861,1.2222485979271844,4.657055732842188
14,0.8142763802678863,0.48194526738101695,0.5973538059068249,1.0331556899646497,0.5806925840838911,1.1148964978829976,0.6110748121723635,1.0426601153579034,3.6807931521794877,0.6358220810285156,0.9938136680943801,0.5750595710881652,1.1439446920530487,0.5504368546465449,1.242487728453705,0.5679110405320114,1.2217861653510496,4.610192113873313
15,0.8196667755830136,0.4572970291166982,0.6118915387225751,1.0085613271528815,0.5957203528648185,1.0812630019753402,0.6223456386801699,1.0194005579856515,3.5747102770451744,0.6247021445710097,1.017572030454661,0.577442414638445,1.1276532182909365,0.5385226370135028,1.2425692692292503,0.5647339158298668,1.2040653727753377,4.600079857611864
16,0.8293041489903968,0.43973721826205026,0.6182620058804312,0.9974731731282384,0.607971251234826,1.0653592351603764,0.6213655668277048,1.008801557043338,3.5196194798289775,0.6366163622040517,1.0017153372051604,0.5794281175772854,1.1580833089171751,0.5401111993645751,1.2069493364587107,0.5528196981968247,1.2180054166470378,4.593024555987267
17,0.8484155504737014,0.4138503953722013,0.6153217902451471,0.9877162150836621,0.6159751715320498,1.0343485449272525,0.6321463573605981,0.9670605329235018,3.4112809952938723,0.6350277998529795,1.025984448020519,0.5826052422557585,1.1351983537742123,0.5385226370608456,1.214314032727712,0.5524225575972209,1.2115190700939291,4.595348753372386
18,0.85805292384214,0.37471486268305226,0.6301862136361958,0.9613287032176294,0.6406403136035267,0.9857826631507699,0.6608951322902304,0.9365228030931634,3.2667076222377056,0.6294678316242265,1.0633622001356506,0.5607625099403504,1.1700617480576274,0.5401111993764107,1.1965948058273037,0.5508339952461486,1.2010908917456604,4.63950031725919
19,0.865893498876055,0.3523577229040427,0.6339431558314277,0.9431353155128008,0.6470107808100636,0.9576299067066993,0.6470107808003275,0.9363118903148567,3.1978539479631727,0.6366163622040517,1.0809125362069147,0.5969023034154091,1.1327876166941344,0.5591739475774424,1.1973060519331689,0.5337569499721216,1.204097833327588,4.623560339046717
20,0.8624632472658578,0.3608877842905708,0.6426004573863459,0.9406137700098007,0.6419470761189154,0.9620757952736546,0.6582816073568145,0.9142827594330871,3.1863382323743936,0.6405877680817325,1.1054338526522194,0.573868149324861,1.169266209231188,0.5440826052659272,1.209164591513521,0.58141382050429,1.176623829306829,4.668996251510002
21,0.8778177065928751,0.32250237645996976,0.6525645213787636,0.8997519398311975,0.6702058150736345,0.91343994870446,0.6698791244691278,0.8844645291284501,3.0286922653451227,0.6473391580737896,1.115688014644582,0.6000794281412251,1.15045757410638,0.5691024622834798,1.1667354846398352,0.5683081811079438,1.2129757415452962,4.654413857660756
22,0.8841881737604674,0.31364729704517275,0.6530545573147323,0.9002636196137409,0.6599150604572377,0.914374906617183,0.6764129369681818,0.881996266672869,3.0188657789594866,0.6469420174860215,1.0542483662356452,0.5830023828435266,1.1433988737624443,0.539714058776807,1.2208274751073127,0.5710881652223202,1.196536277238105,4.623617991461841
23,0.8874550800002583,0.2988348517375848,0.6715125775987594,0.8570462291204084,0.6711858869747802,0.8881393695181392,0.678536426024046,0.8627454626018882,2.9154041373468775,0.6473391580856254,1.0872576458289378,0.5667196187450357,1.1835590006814674,0.5579825258378096,1.2080171943373677,0.5754567116996047,1.2211523583429593,4.7086479709298015
24,0.8928454752959133,0.28803255781653037,0.6638353479255146,0.8680288745701916,0.6927474681671364,0.8648463379943422,0.6909506696963069,0.8552896432999652,2.884883569292444,0.6505162827759342,1.085476353270393,0.5961080222517087,1.1264902940811479,0.5285941223429724,1.3148410104161885,0.5488482923073084,1.219653790412771,4.755168485489983
25,0.9054230643191084,0.2555678493298568,0.675269519784255,0.8434963664834073,0.6829467493893469,0.8575759693147778,0.6914407056906924,0.8264197707565654,2.791793431070497,0.660841938057904,1.0307453227028949,0.6044479745830024,1.13413790985646,0.5444797458418595,1.2148600335723356,0.5484511517195403,1.1790307938247753,4.567529818290184
26,0.9106501143417184,0.25266570595453003,0.6821300228293992,0.8227515109163295,0.6873570728130646,0.8380646778259041,0.6858869650830478,0.8213949062317191,2.743659854441521,0.6457505957227173,1.1507783749446308,0.579428117553614,1.2021629384247625,0.5603653693407467,1.243942212097412,0.5567911040745054,1.186100008754715,4.79178620322154
27,0.9075465533944448,0.24073960863075705,0.6816399869518474,0.8289751999715465,0.7032015680760505,0.8210664280330928,0.7134923227800727,0.7941964345599888,2.693807734184427,0.6620333598212083,1.0945237892116935,0.5766481334865803,1.2046781212115116,0.5532168387727571,1.2063882711674128,0.5508339952461486,1.2079095396378194,4.722345842455378
28,0.9144070565369502,0.22641387654359493,0.6824567135312674,0.8279294389714138,0.7064684743937306,0.8083051117912923,0.7152891212216937,0.7686417151494417,2.64016027833776,0.6505162827759342,1.1163496617449713,0.6084193804606831,1.1166010124045198,0.5754567116996047,1.204777457192836,0.5631453534669588,1.1899792682660582,4.636599049481066
29,0.9217575955180629,0.21283211543236008,0.6953609931784415,0.8063289898939672,0.7130022868733125,0.788522224358506,0.7216595883795499,0.7590796188060382,2.5756745279244213,0.6616362192334402,1.1358576153530395,0.6123907863620353,1.1314336145037787,0.5714853058100883,1.1984805929651328,0.5742652899363005,1.2194849828508185,4.69418793097671
30,0.9215942502060734,0.21372435902047882,0.6994446259587078,0.7866776520736231,0.7138190134137878,0.7879882733130993,0.7182293368569779,0.7579808474677484,2.555321026455924,0.6640190627600486,1.1690060715157777,0.6104050833995235,1.1430706941035174,0.5571882446622735,1.2326895437181895,0.5730738681611606,1.1808953645496354,4.734628105845311
31,0.9271479908526625,0.198839279022512,0.6966677556548856,0.7827770619834805,0.725253185253056,0.7577211978543782,0.7259065664425974,0.7427188706569366,2.491045704973714,0.6767275615686268,1.07302627075431,0.6187450357426529,1.1221953351598017,0.5953137410761725,1.1598745739299026,0.5965051628513124,1.19560176458408,4.559706887335319
32,0.934171839268213,0.17795862878075833,0.7107154524859864,0.771125526862065,0.7290101274288157,0.7504926912440306,0.7317869977326379,0.7368368126137979,2.4454360696000625,0.6711675933517095,1.224514480535055,0.588562351095951,1.1574666849008337,0.5722795869856244,1.1828143189974112,0.5655281969817315,1.22260294672371,4.796435057217399
33,0.9367853642211011,0.16973417691036946,0.7147990852857251,0.7573793053977516,0.7268866383729515,0.7431463803858666,0.7419144070759898,0.7113775013319537,2.3906906785158033,0.6799046862707714,1.1609267090240862,0.599682287553457,1.1622170168696366,0.5702938840586198,1.2016110935968194,0.5798252581413821,1.1774387694096358,4.71126294760973
34,0.9374387455080039,0.176565028476349,0.7100620712380283,0.759658626678994,0.7393008820452125,0.7239887092830853,0.7445279320288779,0.7001061677854851,2.3694059087808754,0.6938046068426538,1.1431725772938781,0.6048451151944418,1.1484481178525898,0.5841938046186665,1.1551527822652063,0.5897537728474195,1.192235267593143,4.64810790506216
35,0.9397255798758576,0.1705109522413561,0.7190460633585087,0.7399651043869163,0.7461613851293011,0.7112929874465809,0.7437112054884025,0.7113888810386614,2.3422736896093044,0.6747418586297864,1.1614978009652912,0.5969023034154091,1.1745950040881648,0.564336775230263,1.2393954813575063,0.5540111199482932,1.1791509497641475,4.763774607274341
36,0.9420124142047667,0.15914167683694497,0.7219862790327375,0.7244988382933616,0.7494282914469812,0.7041946969870374,0.755308722620188,0.6894664386642092,2.2864496778795353,0.6775218427441629,1.1406182443776343,0.611199364598731,1.1310724810156394,0.5802223987528216,1.1973290310387008,0.5687053216957118,1.2027520577617825,4.680924348077479
37,0.9434825220710894,0.15388149592498476,0.721659588389286,0.7152125966661859,0.7551453773471429,0.6982394396109894,0.7589023195423749,0.6743557629963807,2.2508600371135525,0.6588562351190637,1.2694174427852756,0.5929308975495641,1.1825774281719925,0.5722795869974602,1.2420799447559383,0.5698967434471803,1.2601909579811255,4.96344880701721
38,0.9469127736033975,0.14911646666038722,0.731460307050242,0.693419751603788,0.7479581835806584,0.6956865190486042,0.7592290101468816,0.6534786778156838,2.200902670203218,0.666401906286657,1.2506325569401797,0.6052422557822099,1.125968737058738,0.5687053217075475,1.2357725743929293,0.5786338363899135,1.1937788131279166,4.815367564878547
39,0.9550800392028749,0.13047677425732146,0.7401176085856879,0.6842895856152091,0.7672329303759525,0.6485662460911317,0.7623325710357385,0.647365428232282,2.1199237659296073,0.6973788721325664,1.1391629302697412,0.6135822081253394,1.135701554601774,0.5853852263819708,1.1612887627624917,0.5762509928751408,1.2010914651977345,4.646479544893345
40,0.9501796798431885,0.13786961526902955,0.7410976804965698,0.6892043763186876,0.7655994773144739,0.650045040599352,0.7636393335121825,0.6521652502022083,2.1385379227420467,0.6731532962787142,1.2483036819460038,0.6020651310800654,1.1716793352431774,0.5710881652223202,1.2724741985215091,0.581016679916522,1.2130461380868038,4.914767481203208
41,0.9549166939103576,0.1254061608274377,0.7508983991964703,0.6641635442629081,0.769356419451289,0.6488265693674521,0.7722966351255176,0.6240070391542496,2.071680401556245,0.6795075456830033,1.3151012774263942,0.5953137410880082,1.177034058747924,0.5861795075693426,1.2181409118287236,0.5857823669697388,1.2400063838575974,4.959568192222177
42,0.9558967657822949,0.12458489018141596,0.7546553413917021,0.6645196330037159,0.7703364913232262,0.6321948394982576,0.7789937928976167,0.6189316792333878,2.0495323952566133,0.6882446386139008,1.310300734374011,0.6008737093167612,1.1655396333613786,0.5881652105081829,1.2785799292887459,0.5980937251787133,1.2511895048277448,5.014924128345311
43,0.957203528258739,0.11812083259661801,0.7469781116892489,0.6641796951062615,0.776706958529763,0.6273336853516799,0.7736033976019616,0.6168576390943431,2.0358203265138095,0.6652104845233527,1.3170017496622786,0.6068308181214466,1.1955498053593896,0.5762509928751408,1.2448607312487268,0.5992851469538532,1.1826927835939895,4.949445404639028
44,0.9609604704344985,0.11858552302338386,0.7544919960991848,0.660447635727745,0.7708265273176117,0.6340380645156569,0.7863443319176739,0.5994130796328435,2.0218326394677124,0.6981731532962668,1.2488684734252649,0.6183478951785563,1.1497523662492906,0.5913423352103275,1.2147895891080307,0.5806195393287539,1.2002510306520817,4.8230195547305375
45,0.9624305782034599,0.10845834855142371,0.7600457367068294,0.6388731967464298,0.7716432538580871,0.6313138678937673,0.7848742240708235,0.6011115798604367,1.989124910927255,0.6862589356750605,1.2787236095604178,0.6076250993088184,1.1528374091015627,0.5726767275615567,1.246690738262687,0.5849880857942027,1.1991764693813158,4.886805205330004
46,0.9585102907546553,0.11102178159189781,0.761842535119242,0.6388645156541318,0.7827507350539039,0.6080493572192697,0.7860176412547503,0.5886242653138885,1.9559444270271058,0.683876092148452,1.2694271430358397,0.6127879269498032,1.1794792459515753,0.5798252581650535,1.2331310040402546,0.5980937252023847,1.20700198178778,4.89842917296127
47,0.9630839594903626,0.10868901166987624,0.7518784710489352,0.653046885285647,0.7843841881932717,0.609360917998622,0.7811172819534807,0.5881419443531155,1.9686354390938505,0.6799046862707714,1.3932405222810929,0.6084193804725188,1.1688072882634104,0.5778395552262131,1.2587421228006967,0.575456711687769,1.222053503568822,5.052247320024431
48,0.9640640313622999,0.10122593462391738,0.7664162038160048,0.6213865627634179,0.7956550147010781,0.5975619891292712,0.7922247631687699,0.5804998478890244,1.9100971772210422,0.6826846703733122,1.426059710906746,0.6060365369459104,1.189275758478545,0.5754567116759333,1.2610399949115074,0.586576648145275,1.2603836080519522,5.146196409858722
49,0.9668409016661221,0.09670512711946685,0.7727866710225416,0.6064954389742253,0.785690950689188,0.6037991150887485,0.8038222802616108,0.5527536496544383,1.8691966301161882,0.6803018268585395,1.344742755140596,0.6020651310800654,1.2116156242923948,0.5679110405320114,1.2443315750601938,0.5714853058100883,1.2627330550345472,5.0728717424076075
50,0.9652074485072821,0.10113325667761057,0.7736033976019616,0.6016993385948647,0.7873244037506667,0.5870066133444312,0.7974518131134908,0.5642154951650151,1.8635171468411345,0.6743447180301827,1.3900142498898769,0.6139793487012718,1.1915482636763048,0.5520254170212886,1.3417323534691306,0.5841938046186665,1.2399300269137496,5.172691827733144
51,0.9696177719309998,0.08977396020834474,0.7842208428812821,0.588614458052094,0.7954916694085609,0.5722819280386828,0.8026788631361008,0.5473890430843157,1.8075367661326276,0.6862589356632248,1.4217995752793506,0.6143764892890399,1.187200283961603,0.5953137410761725,1.2811218890124034,0.5818109610920581,1.2611540750888153,5.160765557179288
52,0.967984318850049,0.08853266942042495,0.7796471741261026,0.5871987119876882,0.7969617771580499,0.5765960657471966,0.800882064645799,0.5548403678727828,1.8166649274793336,0.6922160444915816,1.3938472760780038,0.6000794281412251,1.2274582754344199,0.5969023034272448,1.2439164125180793,0.5953137410761725,1.2575812889373994,5.132304870296415
53,0.9670042469391672,0.09982480260819485,0.7791571381706617,0.5956003791130824,0.801535445952174,0.5613912794762131,0.801698791225219,0.5469457648502226,1.8132722634032286,0.6953931691818904,1.3274097528844566,0.6135822081253394,1.167533898490871,0.5830023828435266,1.224094569351675,0.5929308975495641,1.220030976676865,4.948585671219587
54,0.971577915713819,0.08129064597485161,0.7825873897613866,0.5828064870733095,0.8087226396602417,0.5419553834622454,0.8082326037437454,0.53271707312144,1.7482942348210417,0.6803018268585395,1.4397505984389734,0.5953137410880082,1.2084599040726804,0.5909451946225595,1.2646936425218704,0.581016679916522,1.2222630320156822,5.144701404548808
55,0.9733747141067595,0.07939402792737106,0.779973864769554,0.571974418826136,0.8101927475070922,0.5468056744821942,0.8039856255930726,0.5553783632617727,1.7630882855919754,0.6898332009649731,1.3683554832871656,0.6203335980937251,1.1416768859169424,0.5869737887330431,1.2148179141087037,0.5718824463978563,1.2261762354372039,4.960567027638127
56,0.9737014047307385,0.07688182494224301,0.7976151584644249,0.5598985714991861,0.8113361646715468,0.5271629702028439,0.8217902645999331,0.5089952732877223,1.6824875972271744,0.6910246227164416,1.3943471167203232,0.6104050834231949,1.17056236130269,0.5806195393287539,1.260263649011482,0.5961080222517087,1.280194221879633,5.114926814796244
57,0.9697811172819341,0.08894679057407286,0.7922247631103531,0.5692274850671177,0.8080692584122836,0.5448950023500797,0.811662855237109,0.5388639111391901,1.7514907623264222,0.6787132645074672,1.414645380640478,0.5984908658138242,1.2501002659930938,0.5754567116996047,1.274139604770162,0.5802223987409858,1.2557453757197825,5.204197474847813
58,0.9709245344658608,0.08258770524549786,0.7881411303106144,0.5705334639109182,0.8057824240639022,0.5381737261066168,0.8059457693758918,0.5331512495159753,1.7340212462969522,0.6886417791898332,1.3808473603322071,0.5861795075456712,1.2841602673101653,0.5750595711000009,1.3088893878308434,0.5972994440150128,1.201506507098438,5.184981899473571
59,0.973374714145704,0.07360649534394038,0.7871610584386771,0.5664827258163946,0.8095393661812449,0.5306198637651408,0.8177066318001945,0.5075787477382684,1.6878686990273697,0.6763304209690231,1.4843697562526004,0.6028594122319301,1.1689786067775454,0.5738681493366967,1.3461635092878455,0.5833995234312946,1.2933537843470728,5.3024526478469705
60,0.977131656282519,0.06873385539993843,0.7917347271743844,0.5484180010950125,0.8136229990394004,0.5310274981101016,0.8216269193268881,0.5010518195659497,1.6588197493233816,0.685067513923592,1.4961431822206934,0.5969023034154091,1.2272102944286596,0.5857823669815745,1.2728645195200672,0.5810166799046863,1.2941096486128731,5.2999243472094
61,0.9779483828814113,0.06417650446156999,0.7943482521662172,0.5581355957142164,0.8144397255409312,0.526541917182308,0.8258738974386164,0.4937868614634514,1.6522465417370302,0.6965845909570303,1.4210300775625402,0.6123907863620353,1.1963323543914923,0.5853852263938064,1.2743564018057962,0.5595710881770461,1.2788007223861761,5.1801354726976205
62,0.9781117281934009,0.06741179312217158,0.7999019928322786,0.5431224218734297,0.817869977112184,0.518862706954399,0.821953609931395,0.5040584523005643,1.643072621645549,0.6846703733239882,1.4337332560860654,0.6104050834231949,1.2245499658456769,0.5889594916837191,1.3020555466662047,0.5730738681611606,1.2357377776723708,5.205699336159504
63,0.9756615485135577,0.0654415098276876,0.8002286834173131,0.5303957122324807,0.8185233583990867,0.512007130103655,0.8217902645804609,0.501536530330266,1.619011500270411,0.6787132644956314,1.5026201475493024,0.5961080222635443,1.2191405266973119,0.5814138205161258,1.332077142002092,0.5841938046186665,1.237578104338161,5.301049870096378
64,0.9813786344331917,0.05744619131992957,0.8088859849722313,0.5167654271084512,0.8162365239922886,0.5102997638944784,0.8252205161906582,0.49232141955426145,1.586468590820821,0.694996028605958,1.4571205333122692,0.6104050833995235,1.3129288392412204,0.5782366958021454,1.2947014899505709,0.5667196187568715,1.2715561900397347,5.3459445892391555
65,0.9795818360013068,0.06607908184331823,0.8015354459132294,0.5303218104565934,0.8266906239985641,0.4969816570849015,0.831427638046261,0.47194427436802444,1.5749779189968764,0.683876092148452,1.526144823702914,0.5988880063779208,1.273952084474378,0.5663224781809391,1.3020785223452982,0.5655281969935673,1.3383846010737612,5.4502172174673404
66,0.9763149297615158,0.07203454925548297,0.8025155178241112,0.5356861635463295,0.828487422430449,0.4935563802134948,0.8301208755308722,0.4782918791576602,1.589229901527821,0.6787132645074672,1.5711079420961256,0.5893566322714872,1.2957812732320821,0.577045274050677,1.3291445983850454,0.5758538522755371,1.2857247949167316,5.491425448982747
67,0.9786017640904249,0.06330291383602302,0.797615158406008,0.5418933317508233,0.8245671348842831,0.49162284206697576,0.8283240771184596,0.4806511018526239,1.5871340838260644,0.6644162033478167,1.4965634231390528,0.5921366163621922,1.2616441239431986,0.554408260547897,1.3773358437729033,0.5595710881770461,1.3734445959637334,5.518646810431628
68,0.9797451813132964,0.059702212918604995,0.8093760208692554,0.5088409743679774,0.8306109114278963,0.4896685831377764,0.8346945442471073,0.46779200164993695,1.5356694699424187,0.6945988880300257,1.4115253698839558,0.6080222398965864,1.2351702667175066,0.6096108022476587,1.2745635990020867,0.5976965846027809,1.2748488006762704,5.2057753872360095
69,0.9821953609931395,0.05402426156655778,0.8157464880952645,0.512687601769761,0.828487422430449,0.49223736548727537,0.8436785364454769,0.44950160493222924,1.5181280589890378,0.6977760127203345,1.4223226496329897,0.5972994440031771,1.265628718899014,0.5869737887330431,1.3021733870669145,0.5822081016798262,1.2970012671908184,5.296809702093777
70,0.9774583469454426,0.0650382853949415,0.81378634435139,0.5099270453604169,0.8391048677097696,0.4668893553158381,0.8376347598823913,0.45167850076237054,1.5032228578036613,0.6906274821405093,1.4691447899294048,0.597696584638288,1.2605476787016447,0.5718824464096921,1.3620962412632867,0.5818109610920581,1.3483834957276384,5.449860054126706
71,0.9818686703302159,0.05382008144826096,0.8170532505911808,0.49724339829360453,0.8289774583080008,0.47841307092476265,0.8361646520939577,0.4541478783174575,1.4933129842279005,0.6898332009768088,1.557332884306186,0.6064336775455141,1.2699827998284785,0.5794281175772854,1.3542257343508404,0.5857823669697388,1.3361824243799196,5.527414221390549
72,0.9808885984582786,0.05229296972558306,0.8131329630839594,0.510140782558657,0.8320810192942191,0.47852208671013696,0.8404116301667414,0.45746923583428556,1.5081227228011387,0.7069102462390001,1.5309386517794246,0.5996822875297856,1.255952167122775,0.5921366163858637,1.2946122349539477,0.596505162827641,1.3269879940454867,5.418192022560701
73,0.9817053250571709,0.05489855336643241,0.8191767396665173,0.4825608483018224,0.8291408036199904,0.4834886846862483,0.8353479254755932,0.4598057372376873,1.490452448475092,0.6866560762628285,1.5150541881279838,0.6016679904686258,1.2821715595563126,0.5794281175772854,1.3571400239625746,0.5655281969935673,1.3303947518176509,5.494464715953097
74,0.9812152891212023,0.055085039944794155,0.8232603724467836,0.48636554468305077,0.8307742567398859,0.4846766248846786,0.831427637987844,0.4631442038871151,1.498974107714581,0.6858617950991281,1.6403632461944937,0.5877680699204149,1.290850334703875,0.5778395552262131,1.3863535458791625,0.5957108816757762,1.3302882230759994,5.657558802103978
75,0.9846455406729827,0.04472482591747818,0.8199934661485758,0.4811462671567474,0.8296308396143759,0.4671743006555912,0.8430251551975186,0.43561622931730587,1.4383737881640832,0.694996028605958,1.6027208804303164,0.6088165210484512,1.287108986125852,0.5937251787369359,1.3432034225076603,0.5925337569736318,1.2912711460288315,5.534022778533014
76,0.9844821953609931,0.048662504903280425,0.8160731787192436,0.48613630044853634,0.8422084285791541,0.4528231020458225,0.8413917020776233,0.45083221167140985,1.448178776336316,0.6882446386020651,1.5466311759816322,0.6104050833995235,1.2566246308380409,0.5826052422675942,1.3833050219026988,0.5873709293208111,1.2929700319022768,5.489253212479583
77,0.9838288141130349,0.04871073031123093,0.8239137536752695,0.4684243493417399,0.8382881411303496,0.4570883586491607,0.843351845763081,0.44390325557363847,1.4278457394537292,0.6981731533081026,1.5145889629131692,0.5969023034154091,1.322938923458432,0.5786338364017493,1.3569616989200792,0.5965051628513124,1.30725799322223,5.5114625847652094
78,0.9786017641293695,0.06432800002878958,0.8193400849200899,0.49057511152375255,0.8319176739238127,0.47717326213549416,0.84253511926155,0.45687425907668394,1.498665012358373,0.6822875297973798,1.5103270457223474,0.5913423351984918,1.2931114633089025,0.5742652899363005,1.3648448875492012,0.577442414638445,1.3818053431791195,5.559809133303933
79,0.9826853969291082,0.04739828292894155,0.8244037896307105,0.4730755282320722,0.8328977458152222,0.4747070200261786,0.8400849395622345,0.44647633359542044,1.4513789645132384,0.6858617950872924,1.5877403148428262,0.594519459912472,1.3138799263050482,0.5639396346543307,1.3416776824698171,0.5826052422675942,1.3268658294326925,5.579888531856825
80,0.9826853969291082,0.051191069310316445,0.8356746160995723,0.46102978928304894,0.8348578895590968,0.46658158699541613,0.8458020254818687,0.43577170481540844,1.4243026328452932,0.6997617156591749,1.6047295151050147,0.6052422557822099,1.2573180053563606,0.5810166799046863,1.3566850610343684,0.5869737887330431,1.3259725717678252,5.554436430465238
81,0.9851355766089513,0.047874237755392055,0.8266906239401473,0.47449840881278493,0.8415550473896127,0.46402102414785124,0.8551127082263282,0.40878815862798334,1.404914038160275,0.6926131850793497,1.5409091202916168,0.5889594916837191,1.2475820093802557,0.5976965846146166,1.3413269096383318,0.5655281969935673,1.3402022140498575,5.47976175587361
82,0.9839921594250245,0.05254564899321793,0.8317543286312954,0.4700737787944279,0.8510290754850064,0.4408983923920772,0.8560927801177378,0.4127022413909922,1.38596442726382,0.6934074662548858,1.549361056229489,0.591739475821767,1.3013153794244512,0.5941223193247039,1.3511936868392256,0.5786338363899135,1.297613638567844,5.509228508230048
83,0.985952303168899,0.04154484246493205,0.83534792553401,0.45007058220609114,0.8464554067298269,0.4308795980946062,0.8500490035935969,0.42094931119370793,1.3531948700133432,0.6822875297973798,1.6106993075176277,0.5734710087607644,1.3370190502467658,0.5762509928751408,1.4170382446812864,0.6016679904804616,1.3178927099392872,5.692399950894787
84,0.9833387781770663,0.04454788904536048,0.8420450832671645,0.4370603953086251,0.8542959817053251,0.4248597795902534,0.8556027441622969,0.40233998411000066,1.3185617008539479,0.6961874503692622,1.4576042585461966,0.5905480540229556,1.3416488522617849,0.5976965846146166,1.3378368391817388,0.5806195393287539,1.2714239166275767,5.418269202764115
85,0.9854622672329304,0.041970510445139365,0.8415550473311959,0.4409287932631004,0.8507023848610273,0.4238552441202866,0.8624632472658578,0.3860002101655491,1.302515824648805,0.6969817315447984,1.5226470849956102,0.5941223193247039,1.2824520376511659,0.5869737887448787,1.3682877346148345,0.5953137410761725,1.30846942122064,5.4916237244727215
86,0.9854622672329304,0.04835996429763895,0.8342045082916664,0.4429271857807037,0.8425351192031332,0.4413278571961947,0.8542959816663805,0.42310890937038437,1.3654945727385404,0.7001588562351072,1.519467465563351,0.6100079428354268,1.3143437637328343,0.5905480540229556,1.3923099873775382,0.5714853057982526,1.3520672314099795,5.587956278735063
87,0.9874224109768049,0.042334348788965345,0.8449852988829764,0.4278116820295509,0.8474354786017642,0.43811617941589226,0.8572361972821924,0.40457554260370426,1.3226122043561952,0.694996028605958,1.6166585101036806,0.5865766481571106,1.3532966954709047,0.58260524227943,1.3808901874412138,0.5913423351984918,1.3587537917846295,5.719371365118444
88,0.9861156484808886,0.0449850764599533,0.8399215942113004,0.4393593995195711,0.8443319176544904,0.43608712468494665,0.859849722274025,0.40073524241702924,1.3309386529707512,0.7017474185980153,1.6281156404729238,0.5893566322596514,1.397024697300884,0.5722795869974602,1.3704200952748062,0.5909451946107237,1.322143461658805,5.727474725842949
89,0.9901992812806273,0.03250300215424924,0.8474354786017642,0.42765795701627285,0.8458020254429242,0.4423343626717188,0.8622999019928128,0.39393731924452374,1.306205282352283,0.6930103256671177,1.6967560971210365,0.5953137410643368,1.3349206920082934,0.5833995234549662,1.4282356038026813,0.5770452740388413,1.3503046250555182,5.819997923728301
90,0.9844821953609931,0.04856447399005557,0.840411630147269,0.4329501369816538,0.8528258738584746,0.432170743375228,0.8477621691867987,0.4046784145346813,1.3281525449790195,0.7180301826965061,1.4859271545287136,0.6064336775218427,1.2873341432854688,0.5937251787369359,1.3192970409598779,0.5758538522755371,1.3470996882296016,5.4494563942394905
91,0.9877491015618395,0.03870782958873617,0.8449852988829764,0.41731297405122036,0.8600130676444314,0.39655829372650575,0.8606664488339728,0.40218404944096464,1.2645562557331373,0.6977760127203345,1.6572563874557766,0.599682287553457,1.3217918924436955,0.5933280381491679,1.372601110426039,0.5722795869856244,1.3795627407149675,5.740997853735498
92,0.9888925187847108,0.036723043666184806,0.8420450832866369,0.4313241954295318,0.8552760536162068,0.41330532093369,0.8667102253970582,0.37683549470778427,1.267975299508694,0.6882446386139008,1.6692001335042221,0.5865766481334392,1.3236288877945273,0.571088165234156,1.4347367197795933,0.5798252581532177,1.3621628436188171,5.79951248157583
93,0.9905259718656618,0.03559846383731041,0.8533159098528601,0.3978324476818133,0.8608297942043792,0.4003154010466601,0.8547860176023492,0.3979647434817074,1.241498007216667,0.6953931691937261,1.6209735429792906,0.6036536934074662,1.3573312534165818,0.5949166005002401,1.39781090390526,0.5758538522755371,1.4175390026060903,5.803449313634913
94,0.9870957203528259,0.03940602626930605,0.8392682129633423,0.43197352792830374,0.8520091473569437,0.41672587618645557,0.8502123489055864,0.4186853316729071,1.3165815785717083,0.6918189039038135,1.6215187178037833,0.5929308975613998,1.3417991473738213,0.5972994440268485,1.3682589968777394,0.5647339158180311,1.4188327245914316,5.7601943174650785
95,0.9867690297288468,0.04087274828450949,0.8459653707938583,0.4275568691403287,0.8520091472985268,0.41619440028185317,0.8660568441296278,0.39958741938666714,1.2939978497202043,0.6783161239196991,1.7069038082412766,0.5873709293326468,1.33281906061555,0.5794281175772854,1.4279734484490372,0.5714853057982526,1.4752530467069935,5.952734325687691
96,0.9864423391048677,0.03662022744522099,0.8490689317606042,0.42779880047467594,0.8631166285527605,0.40015507629399827,0.8631166285722328,0.3950600306783693,1.2694220599377324,0.6806989674463075,1.7228784154561112,0.5937251787369359,1.3467984981538996,0.5766481334629089,1.3819762457981766,0.5837966640308985,1.4388517668534357,5.900293506451122
97,0.9867690297288468,0.03878799081880306,0.8479255145182605,0.4233305596401784,0.8564194707806614,0.40725070833965127,0.8655668081936592,0.39213733611173857,1.271298334435753,0.6850675138999206,1.6725476221505315,0.5837966640308985,1.4066173356970308,0.5969023034272448,1.3787735382345008,0.5722795869856244,1.3889514097383184,5.8566810812999375
98,0.9861156484808886,0.040637828280976944,0.8495589676771005,0.4184765492884484,0.8505390394906209,0.4260255266193937,0.8670369160405096,0.38555130769481305,1.280478781635019,0.6858617950991281,1.6866856900143903,0.5849880858060383,1.3644056305869219,0.5897537728592552,1.33515305127697,0.5726767275733925,1.3918846528666469,5.787920791445695
99,0.9913426984256095,0.027168753271958713,0.8493956223261664,0.4017819457391398,0.8675269519959505,0.3916707800050765,0.8696504410518147,0.37573912510467644,1.206160093047034,0.6989674344836387,1.7716428812069422,0.5889594916837191,1.3764795418577216,0.5953137410880082,1.4110391137616989,0.5687053216957118,1.4409944829253614,6.009958620389555
100,0.9887291734727214,0.0333853856158425,0.8493956223456387,0.4144860475973069,0.8640967004246978,0.3973596961581602,0.8698137863443319,0.37814740511189876,1.233176811346623,0.685067513923592,1.7278650735661618,0.5972994440268485,1.3266846303242932,0.5837966640427342,1.3973636634535407,0.5758538522755371,1.4086953847254076,5.870400326890166
101,0.9884024828487422,0.034551224830397166,0.85690950671663,0.3942418549427679,0.8580529239005569,0.41511423388792384,0.8662201894416174,0.38055034462278553,1.2342482689197294,0.6930103256671177,1.6754681416412718,0.5988880063660851,1.3376951400483525,0.6020651310682297,1.4136879158940838,0.5710881652223202,1.4299601519020235,5.866600406368732
102,0.9895459000326691,0.031517401823082214,0.8521724926105164,0.40233274973011296,0.859849722274025,0.40416880975708935,0.8686703691214606,0.3723647872126597,1.2201766965047318,0.6731532962668785,1.8668651445104403,0.5929308975495641,1.395718915981253,0.5746624305122329,1.4924562273871056,0.569896743459016,1.5010454818026426,6.265883978062721
103,0.9887291734727214,0.03600001024798423,0.8474354785822918,0.4145440169065772,0.8595230317084628,0.3981529771210671,0.8658934988565828,0.3761725502075887,1.2346608188174901,0.6953931691937261,1.7922482154785575,0.5925337569736318,1.3728494296609361,0.5972994440268485,1.3873878936797404,0.5897537728592552,1.4680155684522,6.030285187000505
104,0.9888925187847108,0.037502727492208614,0.8650767723161074,0.3753981344920286,0.8601764129758933,0.41197607652380047,0.8654034628816696,0.3923366953445704,1.2269973795385152,0.6882446386139008,1.879091776870193,0.5826052422675942,1.4638594818953203,0.5980937252023847,1.3808086048619344,0.5957108816639406,1.4317656909074927,6.165306989023665
105,0.9885658281607318,0.0408946654171528,0.8593596863380564,0.4022529267458618,0.8593596863575287,0.39486751751898164,0.8768376347598824,0.35513345027151977,1.2029326007242336,0.6953931691937261,1.7979583947608877,0.6008737093167612,1.3854710217550503,0.5901509134351876,1.446830968827459,0.5885623510841153,1.3968424484950384,6.036882273965264
106,0.9877491016007841,0.03230453199947343,0.8546226723487764,0.3962692390154951,0.864750081672656,0.3837591723625039,0.8689970598038564,0.3745063517518933,1.1966233491040803,0.6874503574383647,1.6751760165926939,0.6032565528433695,1.4185725537093978,0.5818109611038939,1.466682723725571,0.5587768070015101,1.4368161893463778,6.007029899725183
107,0.9893825547206795,0.0332305185405595,0.8562561254686719,0.4047677987484868,0.8652401175696801,0.4007524274038902,0.8686703691214606,0.3560052581450317,1.2045401758868801,0.6822875297973798,1.8646774937907435,0.581016679916522,1.4367328414233362,0.5913423352103275,1.4281449782247104,0.5726767275733925,1.4847934555922169,6.2241301899206265
108,0.9924861156484809,0.02766177356023387,0.8660568441491001,0.3738467871792291,0.8654034629011419,0.3893360472590033,0.8699771316757937,0.36481634655231665,1.165450811853443,0.6858617950872924,1.8415832903656735,0.588562351095951,1.4512915713202157,0.5921366163858637,1.4617763445376049,0.5778395552025417,1.4747260553411683,6.239168348153306
109,0.9897092453446587,0.03357220118858862,0.8639333551127083,0.38289686470581247,0.8639333551224444,0.39062979782827145,0.8784710878408333,0.3623968042099799,1.1792879550918882,0.6922160444915816,1.6932599322270923,0.5921366163740279,1.409325241077931,0.5929308975613998,1.4297427643531366,0.5770452740388413,1.464525683625432,6.006640536146944
110,0.9898725906566481,0.03331812252994801,0.8622999019928128,0.3751697157117441,0.85968637700098,0.39549409016621184,0.878144397275271,0.35230238048791185,1.1660708918831622,0.6977760127203345,1.6883503897113277,0.592533756961796,1.4484674488745388,0.6052422557822099,1.427503716777581,0.5770452740388413,1.4691416704383655,6.043246452916322
111,0.9880757922247632,0.0295155845119334,0.8618098660178997,0.3893014422646148,0.8668735706895755,0.3862574189580059,0.871773930049262,0.3734848184285309,1.1883447782466008,0.6914217633042097,1.7676701512100061,0.5901509134470233,1.4011734533785731,0.5845909452064346,1.4448326779226162,0.5826052422675942,1.3934329845532005,6.016890040364315
112,0.9882391374978081,0.03241711958858472,0.8662201895000342,0.3804806207605765,0.8693237504278356,0.3911626808532738,0.8789611238352187,0.35812491404391006,1.171959778951765,0.6894360603772051,1.8117040571111256,0.5897537728355838,1.3834769928190234,0.5865766481571106,1.4950951916817354,0.5758538522755371,1.46433494401603,6.164382662632997
113,0.9885658281607318,0.03639727444522557,0.8639333551516528,0.38062808892182454,0.8745508003725565,0.3806015012827779,0.8703038222997729,0.37612849095217427,1.1835273401054125,0.6969817315447984,1.7437403375233806,0.5857823669815745,1.385949644377726,0.6080222398965864,1.4061654730063047,0.5873709293208111,1.4446646969371888,5.990297922333429
114,0.991016007840575,0.024930041052380586,0.8639333551321805,0.37734521459575104,0.8725906566676265,0.3627079131555729,0.873897419105126,0.3500486432396092,1.124810522072302,0.6922160444797458,1.8364910971501514,0.5806195393169182,1.4288974711767637,0.5877680699204149,1.4565789997991918,0.5905480540229556,1.3983091760465225,6.130050343024153
115,0.991016007840575,0.027240499352092808,0.8706305128848074,0.360547691622578,0.8727540019601437,0.36821109076918673,0.8810846128716106,0.3400801877810339,1.1058474297384855,0.7017474185980153,1.8589104744771756,0.605639396369978,1.4949998376481206,0.5782366958139812,1.5364476389934423,0.5929308975495641,1.4871385320488473,6.387267340924458
116,0.9911793531525646,0.02760745700049615,0.8694870957398251,0.35772893740164224,0.8672002613135547,0.3858230165536012,0.8766742894673651,0.34214567531074275,1.123062891416478,0.6850675139117562,1.975346887068129,0.5897537728592552,1.4391293115085368,0.58260524227943,1.4713135937952257,0.5758538522637013,1.5038015220885337,6.399344511217689
117,0.98921920940869,0.034784844839515904,0.8704671675533455,0.3667458026325808,0.8725906566676265,0.37389739597205907,0.8765109441359032,0.3467652627998067,1.1319539883447527,0.7084988085900724,1.6847283006514089,0.6048451151707704,1.3733217248588068,0.5969023034272448,1.4208563040228852,0.5881652104845115,1.412880909505631,5.90155011439153
118,0.9906893172165959,0.02964712091912848,0.8632799738647501,0.3763341794179297,0.8663835347925515,0.3802200889361524,0.8792878144202533,0.35206641041153747,1.148026947451744,0.683876092148452,1.8177965372821852,0.5949166004884044,1.3835939790423282,0.5845909452064346,1.4317861294419734,0.5627482128791907,1.4890286651298676,6.1319583925204775
119,0.9906893172165959,0.023867734510217533,0.8678536425615128,0.35551400665207183,0.8693237504278356,0.3825996071927807,0.8812479581836001,0.350125778530965,1.1218508322501408,0.6985702938840349,1.7955058938470028,0.5988880063542494,1.3543658248660013,0.5949166005002401,1.4011882185651916,0.5659253375694996,1.518331236217091,6.0791244230353705
120,0.991016007840575,0.028977896699735863,0.8662201895195064,0.3718830488916707,0.8756942175954279,0.3636055734959041,0.8789611238352187,0.3401244372148913,1.114322521685775,0.6945988880181899,1.7445960640267044,0.5865766481571106,1.3613998427856906,0.577442414638445,1.4515208131837125,0.5961080222398729,1.453071545862768,6.020309925268717
121,0.9895459000326691,0.03309785963985708,0.8668735706895755,0.3673112743462039,0.8747141457040183,0.3745086193778417,0.8784710878992501,0.35890262808841805,1.143543643972446,0.6906274821405093,1.9113012777565612,0.5921366163740279,1.4045995786738736,0.5822081016916619,1.4707782685969726,0.5897537728474195,1.4051667748343102,6.20157090579829
122,0.9890558640967004,0.03694853547796862,0.8675269519375337,0.3806578926462163,0.8689970598038564,0.3808388619914003,0.8779810519048646,0.34858991811766965,1.1567606665814714,0.6934074662548858,1.7727673337078347,0.5897537728355838,1.46781062718253,0.5961080222635443,1.445709064147177,0.5698967434471803,1.4966927063758644,6.192706551127627
123,0.9916693890885332,0.024907159114214157,0.8748774909770632,0.3653363688869906,0.8722639659852306,0.35402894225999915,0.875530872263966,0.34841027397787755,1.1024062441517737,0.6926131850793497,1.8232553083584686,0.5992851469420175,1.37079776916431,0.5961080222517087,1.4190762324452495,0.5877680699204149,1.514112407649328,6.136966190800201
124,0.991016007840575,0.029506858677322154,0.870303822241356,0.35742763554746126,0.8701404769488388,0.3780898079981955,0.8801045409996733,0.3553288701808519,1.1300821573038733,0.7033359809372518,1.7057272644941024,0.5861795075456712,1.4398745389698138,0.5941223193247039,1.4380816961708904,0.5921366163621922,1.4371568938780863,6.030567969851687
125,0.9897092453446587,0.03148625934668837,0.8740607644755324,0.3470087516486976,0.8807579222476315,0.363256879675402,0.8871283894152238,0.3407112068744003,1.0921887825688907,0.6985702938958707,1.7607044775983378,0.5913423351866561,1.4046857324121869,0.5893566322714872,1.4314233602051984,0.5694996028594123,1.5137420935213057,6.12027947475647
126,0.9942829140803658,0.018634375214395225,0.8802678862727183,0.34017619903922586,0.8822280300555374,0.3456236158188205,0.884351519150346,0.3299874096904382,1.0441465007055433,0.6787132645074672,1.9232202787206887,0.5901509134470233,1.4401161868755452,0.5706910246345521,1.4813570653497463,0.5798252581532177,1.485073962283629,6.339490797995006
127,0.9916693890885332,0.0258548182895678,0.8694870956814083,0.37134884064180407,0.8802678862727183,0.33882430039056566,0.8882718065602061,0.3196010711301351,1.065346970740427,0.6930103256671177,1.895036696109302,0.5976965846146166,1.3763246198434078,0.5754567116996047,1.59398394136751,0.5961080222517087,1.4646577663879436,6.339718198496922
128,0.9908526625285854,0.024896906008301228,0.8761842534729797,0.3499604957588978,0.8740607644171156,0.3638229796073282,0.8840248284484779,0.33826107741356365,1.0866591697111507,0.6862589356750605,1.8782742506853571,0.5766481334629089,1.4888502835422588,0.5722795869974602,1.54514387718049,0.5845909452064346,1.5160951269117373,6.438074674560874
129,0.9934661875204182,0.022888186642087437,0.8809212675206765,0.33925107422314293,0.8812479581446556,0.356311299386308,0.8832081019274747,0.33550307538259344,1.0636641069862118,0.6803018268585395,2.0015473559774044,0.5893566322478158,1.440275164633232,0.5837966640427342,1.5397607362914218,0.5849880857942027,1.4591239811652847,6.450412354552623
130,0.9916693890885332,0.027926843052020086,0.873897419105126,0.3568409094230991,0.8740607644365879,0.35543164016958234,0.8755308722250215,0.3481214441570804,1.0980226470145942,0.6874503574383647,2.0112067269285934,0.5925337569736318,1.3869382788007747,0.5901509134470233,1.5178929255170137,0.5830023828435266,1.5026517304250817,6.428389412197828
131,0.991016007840575,0.023317499391234113,0.8737340737931365,0.352237536700011,0.8879451159751716,0.33630839808047186,0.8858216268998351,0.3194604270337883,1.0410234143787722,0.683876092148452,1.972721205918631,0.5901509134470233,1.409792016673836,0.5786338364017493,1.5189845609087334,0.5667196187450357,1.5266087316346486,6.437808596964769
132,0.9916693890885332,0.025690941034931768,0.873734073832081,0.3440936061753552,0.8770009800329274,0.34892480296856515,0.8838614831364883,0.3363538798905011,1.064768348165448,0.6878474980261328,1.876398435010175,0.6000794281412251,1.4303775952331503,0.5972994440268485,1.5051718781139285,0.5746624305122329,1.5093005590593536,6.330958493083503
133,0.9905259719046063,0.025412654343377222,0.877491015968896,0.35212549289742623,0.8812479581446556,0.351597865489097,0.8856582815683733,0.3249065091274253,1.0637514106941472,0.6803018268585395,1.9865732937988636,0.6004765687289931,1.4109859529637079,0.5830023828671981,1.5248338927864744,0.5790309769776816,1.497709753570266,6.4298077688224735
134,0.9923227703364913,0.02360642137685843,0.8688337144529223,0.35846938978064025,0.8758575629074173,0.34629532683133224,0.8925187846719342,0.31312708580018805,1.0512034142963718,0.6930103256671177,1.8555470009358566,0.5802223987409858,1.3762389547513343,0.5826052422675942,1.4631199887861233,0.5901509134470233,1.4645855175664115,6.16920004845423
135,0.9911793531525646,0.026825157567217036,0.875040836366942,0.3519908355287928,0.8792878144202533,0.34790535355872165,0.8851682456908215,0.33310371737626593,1.0695342730167292,0.6922160445034172,1.9339134229682682,0.58260524227943,1.4430063162339264,0.5841938046186665,1.5434249256744188,0.5893566322714872,1.4443386914541412,6.374390704467053
136,0.9897092453446587,0.026019374179743027,0.8742241097291051,0.34890292152124697,0.8760209081609901,0.3563131477290686,0.8936622018753333,0.31108386208519595,1.0520276455114341,0.6882446386020651,1.874811628246479,0.586576648145275,1.4602886517876146,0.5508339952579844,1.5477296117577788,0.5833995234431304,1.4517269931582704,6.3442602941590325
137,0.9924861156484809,0.02575092172185208,0.8752041816594592,0.34789126771643675,0.8856582816267902,0.3380860180120303,0.8899052596801015,0.3219346370972749,1.0433662268547637,0.683081810972916,2.0478818197146866,0.5841938046305022,1.42360880440715,0.577045274050677,1.5723060087505742,0.5849880857942027,1.4947038637141299,6.548205082619162
138,0.9942829140803658,0.01607036213402524,0.8789611238157465,0.35093147457327495,0.8768376347598824,0.3468888019695659,0.8861483175627588,0.3279731774818893,1.051570228446118,0.6898332009649731,1.990220355702918,0.5905480540347914,1.4404657318170246,0.5623510722914227,1.5748962074920618,0.5830023828553623,1.4578302262130476,6.473109499815441
139,0.9926494609604705,0.02464132301753358,0.8791244690887915,0.33659816573488677,0.8823913753869992,0.3400554028222546,0.8913753674880074,0.3241127369081378,1.035113214667581,0.6902303415527412,1.9987868748705875,0.588562351095951,1.4634668360611482,0.5901509134470233,1.4774070601700269,0.6016679904804616,1.4782177218612553,6.427585584289787
140,0.9933028422084286,0.02135145053329432,0.8832081019274747,0.3300511069603116,0.8879451159362269,0.33117525241064194,0.8884351518721956,0.3172779230559741,1.0095535181426254,0.6965845909570303,1.965877664233498,0.5822081016916619,1.4251343540882808,0.5822081016916619,1.494222370243385,0.5833995234431304,1.4657476788432566,6.360677002156131
141,0.991016007840575,0.03144949544272464,0.8804312315847078,0.3442404635715469,0.8787977784648124,0.3483935561845288,0.8866383534403106,0.32999732679535615,1.0637769649831814,0.6898332009649731,1.8829087721131519,0.5762509928751408,1.4661057993127558,0.5830023828553623,1.5052615723397356,0.5857823669697388,1.4409710501658717,6.304944103440185
142,0.9939562234563868,0.018481396835874117,0.8830447565960129,0.3265404114289753,0.8802678862727183,0.3390011597803238,0.8948056190787325,0.3043557895832457,0.998072620643116,0.7049245433001597,1.9617381070274968,0.5913423351984918,1.4590166742581285,0.5988880063660851,1.4584313317145072,0.5976965846146166,1.4922342238129604,6.381118768496207
143,0.9921594249855572,0.026334609579640345,0.8805945769161697,0.34126479238787727,0.8747141456650738,0.35710729081737413,0.8899052596995738,0.3299775392167594,1.064370247126794,0.7017474185861795,1.8200061530572285,0.5929308975495641,1.4381879583279276,0.5758538522755371,1.4891125757226498,0.5885623510722796,1.4466331566286712,6.20362239209691
144,0.9898725906566481,0.03499227874541142,0.8802678863311352,0.3382405807324696,0.879124469127736,0.3353688234852171,0.8925187847303511,0.3158299300803814,1.0341144199661085,0.6997617156591749,1.8263252041764575,0.5833995234431304,1.486907919802251,0.5869737887448787,1.497590546268375,0.5814138204924544,1.4386237696215594,6.2591301408242
145,0.9939562234563868,0.018817341886403882,0.8761842535119242,0.34641656264229487,0.8871283893762792,0.3321390445327416,0.8903952956160701,0.3283762495109202,1.0354221108418513,0.6926131850793497,1.8533100925140171,0.5901509134351876,1.4042753920704718,0.5849880858060383,1.4516734399428153,0.5722795869856244,1.5308548435272917,6.249791296774475
146,0.9928128062724599,0.020060146152168303,0.8868016987523001,0.3160718467472348,0.8854949362953283,0.32751927930802077,0.888108461287161,0.3199469143368379,0.9932724472959226,0.7005559968465467,1.9008839741367232,0.5984908657901528,1.481453083523618,0.5873709293089754,1.4942511861971517,0.5897537728355838,1.4455526413823565,6.331811995048008
147,0.9923227703364913,0.021769476581476502,0.8802678862727183,0.3363684096277169,0.8851682456713492,0.3275411538901437,0.8908853315520388,0.32058308265521535,1.0159295492022695,0.6918189039156492,1.8234032514036647,0.575456711687769,1.47343458635015,0.5853852263819708,1.524370343866,0.5929308975613998,1.4305811100554333,6.261451996987163
148,0.9929761515844495,0.02388056208748934,0.8879451159946438,0.3316283272649291,0.8830447565765406,0.3353079730040573,0.8967657627836624,0.30087263976600737,1.0013518532831192,0.6910246227164416,1.871798241792008,0.5885623510722796,1.42654708515471,0.5826052422675942,1.487919287713181,0.5786338364017493,1.5200390626822107,6.315968651185441
149,0.9936295328324077,0.018617168539867085,0.8882718065796783,0.31894256499751417,0.8868016987523001,0.33097759487484063,0.896929108095652,0.30996608138279136,0.9881703306825594,0.6930103256789534,1.8140393330512843,0.5818109611038939,1.4421759997276298,0.5976965846146166,1.5347844462152318,0.5988880063660851,1.4445774838161183,6.245244815673404
150,0.9926494609604705,0.02074992455279393,0.8874550800002583,0.31862736253596646,0.8874550800002583,0.34029182945784303,0.893498856582816,0.3140131689751705,1.0033397906670107,0.700555996834711,1.8562440627470966,0.5933280381254964,1.4582246665216279,0.5790309769895173,1.4901741467907468,0.6060365369459104,1.429083549484871,6.243373941769194
151,0.9924861156484809,0.024141955339827447,0.8776543612808856,0.3495451607167896,0.8905586409280597,0.31944090347981696,0.9055864096700424,0.2827180911905818,0.9854910950456636,0.6846703733358239,1.9781393861718446,0.5830023828671981,1.4701760474553982,0.5857823669579031,1.5516076890546073,0.5758538522755371,1.5496260606675654,6.559181453265114
152,0.9931394968964391,0.018987360413287305,0.8802678862921905,0.3354127382149458,0.8917020581119866,0.3207891781037635,0.8982358705915684,0.2921330504793624,0.9769600824139859,0.6854646544995243,2.0184706823744953,0.5861795075693426,1.5151639356321527,0.5806195393405896,1.5428405274608195,0.592533756961796,1.48167700536484,6.567798398949969
153,0.9916693890885332,0.026638740834658583,0.8882718065602061,0.32135473503294587,0.8853315909638665,0.32494680390701464,0.8895785691145393,0.3213243560000831,1.0039109922787288,0.6818903892096118,1.983799503349665,0.5818109611038939,1.5268067549544255,0.5814138205161258,1.5319617921582662,0.570293884046784,1.520496326651812,6.57270485943892
154,0.9944462593923554,0.0161677875884159,0.877327670695851,0.35374768826549485,0.888925187866581,0.32331527061748255,0.8983992159619747,0.3021569634425371,1.0050259379926205,0.700158856246943,1.9697705333902227,0.599682287553457,1.42107604087772,0.5996822875416212,1.5631047040734491,0.5893566322596514,1.5028837875472685,6.466474640170575
155,0.9947729500163345,0.01466974349129524,0.8864750081672657,0.3240920242892103,0.891375367526952,0.3200268826573845,0.8972557987585756,0.29930076295889035,0.9677384878949611,0.6922160445034172,1.9504838140648466,0.5969023034390805,1.4137596579666551,0.5869737887212073,1.4822168419695354,0.5806195393287539,1.4875780292953098,6.3436926430989296
156,0.9949362952893795,0.019071477772713726,0.8833714472394643,0.3223271919393103,0.8892518784321434,0.3254329476947295,0.8928454753543301,0.30341971449235106,0.9798987331206562,0.6953931691937261,1.9684267478227948,0.5917394757980956,1.4607147299954586,0.5722795869974602,1.5941989416518412,0.5766481334392375,1.532297552027684,6.565280574574368
157,0.9939562234563868,0.021569020556972945,0.8876184253511924,0.3087238525446627,0.8910486768640283,0.32049370298331875,0.8948056190397878,0.3038577639133624,0.9642836803394531,0.6894360603890408,1.9485204955434208,0.5877680699204149,1.4640095289308368,0.5861795075693426,1.6043017554297345,0.5897537728474195,1.4306212124237947,6.457082008728439
158,0.9929761515844495,0.021748268317584384,0.8851682456908215,0.321682735907607,0.8876184253122479,0.32386638644726123,0.8995426331459015,0.3054295872289131,0.9823537206618624,0.6934074662548858,1.9470503639083372,0.5806195393405896,1.5071056683749742,0.5976965846027809,1.517875451351959,0.5778395552025417,1.4940289286149457,6.475685470013319
159,0.9941195687683764,0.020806725694860792,0.8838614831364883,0.33277466438031594,0.8887618424961747,0.32430374419833274,0.910813459653708,0.2755897833154272,0.9630949188392562,0.6826846703851479,1.9802906920900916,0.5794281175772854,1.480820367664596,0.5845909452064346,1.52034075868873,0.5718824464096921,1.5362728657311893,6.527341641160209
160,0.9954263312642927,0.015192392632154874,0.8920287487359656,0.31302282544219856,0.8949689643907219,0.31691765414757184,0.8938255472262674,0.3070821651385057,0.9618336388933156,0.7013502780220828,1.9876231911511832,0.5917394757744241,1.481613821858234,0.5853852263938064,1.4962129310377066,0.6080222398965864,1.5172932106713788,6.492369126762257
161,0.9933028422084286,0.02118462430737642,0.8885984971841852,0.32972041147279413,0.8900686049920911,0.3253041227165292,0.8980725253185233,0.2998953356314177,0.9857193046985441,0.6787132645074672,2.1371526525371483,0.5698967434708517,1.4957519561493202,0.5750595711118366,1.5858034934431338,0.5865766481334392,1.4660283408118109,6.6943511701558105
162,0.9944462593923554,0.018375042358863013,0.891538712799997,0.30898829676364226,0.8917020581119866,0.32038320359530226,0.8974191440705652,0.2990055956221491,0.9563602734453263,0.6914217633160454,1.9122383177275837,0.579428117553614,1.4530668878739934,0.581016679916522,1.5587679384671287,0.5984908657664814,1.3934810129456618,6.327162956083645
163,0.994609604704345,0.01669685175387355,0.8930088206079029,0.3074687184392919,0.8946422737472706,0.29166459009095136,0.901339431538842,0.28202359617603484,0.9074614932435044,0.6981731533081026,1.9616362939340013,0.6012708499045293,1.4307749151082811,0.5901509134470233,1.5741168889760782,0.5826052422557585,1.4326914975980358,6.408833969482076
164,0.9928128062724599,0.020028722517693866,0.8910486769029728,0.31736975301231135,0.8907219862984661,0.31646574608195416,0.8920287487359656,0.3045632709712228,0.9680374854532421,0.6791104050952352,2.108727910977145,0.5798252581650535,1.5263132527130312,0.5746624305122329,1.5226606609117805,0.573868149324861,1.4958702376773663,6.663180992468848
165,0.9937928781443972,0.01753610568729394,0.8864750081672657,0.31446051996776925,0.8995426331459015,0.3045289034266676,0.9050963737340738,0.28758256861496423,0.9337194776737546,0.6930103256671177,1.9666782507314402,0.5897537728592552,1.4995430983526068,0.5833995234431304,1.5275898714674854,0.5972994440150128,1.461929545919777,6.465356040417532
166,0.9942829140803658,0.020138918301988305,0.8910486768640283,0.3042180486089145,0.8910486769224452,0.3209666366360617,0.8934988565438715,0.3225257040063216,0.9774553139433289,0.6862589356868962,2.0422017891387703,0.5941223193010325,1.4541592778692745,0.5762509928633052,1.5700232979321498,0.5905480540229556,1.4674461022688103,6.5434288616877305
167,0.9942829140803658,0.020389836175151235,0.8876184253122479,0.3173141356719471,0.8879451159946438,0.32427857135176386,0.8890885331785706,0.3042700959163256,0.9758500913434931,0.6874503574383647,1.9365619109648136,0.5822081016916619,1.4944417827227836,0.5722795869974602,1.5126112569434194,0.5996822875297856,1.4067256880526129,6.3599405829351605
168,0.9929761515844495,0.022679264400568933,0.8871283894152238,0.31102479162343927,0.8983992159425025,0.3071981485992699,0.8949689643517774,0.3025742815220251,0.9530814704027335,0.6902303415527412,2.0325590067771926,0.5961080222635443,1.470732113350896,0.5889594916718833,1.5953061344387562,0.5790309769895173,1.4651614047773331,6.573363561020473
169,0.9942829140803658,0.019470968521941124,0.8920287487749101,0.3045317520019627,0.8890885331396261,0.3300620243075002,0.9042796471935984,0.2766624452465307,0.9403314104815473,0.6989674344836387,2.033861862430285,0.5822081016798262,1.522333497752608,0.586576648145275,1.5160494357158116,0.6151707704764117,1.4688443418391008,6.5506909948383845
170,0.9939562234563868,0.01855933684421653,0.8941522378307742,0.2955453539841006,0.8946422737667429,0.29752460089492394,0.9010127409343351,0.2864468902208298,0.9076772432571063,0.7013502780220828,2.0113905473428346,0.5853852263819708,1.4714974827555507,0.5933280381373321,1.5386086442257034,0.6056393963581423,1.476455460869906,6.50754821291038
171,0.9936295328324077,0.020073117715523864,0.8928454752959133,0.2942700951473653,0.8962757269061107,0.3051013854672729,0.8938255471678506,0.3004172078508133,0.9294563236675867,0.694996028605958,1.9300259251200682,0.5837966640190627,1.5942105590421307,0.6008737093049255,1.4942537311218957,0.6016679904922974,1.4486165119895773,6.476699673059538
172,0.9931394968964391,0.021952356327754288,0.8836981378244988,0.32932515229149917,0.8983992159425025,0.31068980277718883,0.8921920940868997,0.3054947938084875,0.9770506008588111,0.6846703733358239,1.972443318055626,0.5802223987409858,1.4689328711786152,0.5687053216957118,1.6035436846972744,0.5969023034154091,1.4573503811152044,6.511850665162914
173,0.9933028422084286,0.022989722359358783,0.8918654034629206,0.3065156864598077,0.8905586409670042,0.3308830749960321,0.9070565174390038,0.27994247393275506,0.9499057605740916,0.6862589356750605,1.980687798252121,0.5806195393287539,1.506715271192898,0.5837966640308985,1.5364411241530993,0.5869737887212073,1.5104811962463134,6.543900540085232
174,0.9942829140803658,0.018834686878230082,0.8936622018558611,0.29821041119289493,0.8933355112902988,0.31496819008198956,0.9019928128062724,0.29181403805231276,0.9333995974402691,0.700158856246943,1.949557303714113,0.577442414638445,1.5302909044807775,0.5830023828553623,1.5410185404642647,0.5845909452064346,1.4969900738036614,6.527433127898655
175,0.9955896765762823,0.013888264430320145,0.8920287487359656,0.3013128750817287,0.8982358706305129,0.2934965607787767,0.9081999346813475,0.26341687053276486,0.8816929696549469,0.6981731533081026,1.985775713272024,0.5937251787132645,1.5116043575759015,0.5595710881888819,1.6111763290368535,0.5980937251905489,1.467781730852814,6.585917864459389
176,0.9954263312642927,0.015773588677836303,0.9023195034691961,0.2867551740576574,0.9049330284415565,0.28575803027924895,0.9072198627899379,0.2769863417981225,0.8748437843459839,0.6957903097814941,1.924871197816732,0.5881652104845115,1.5066658671667195,0.5683081811197794,1.5918859522952458,0.6056393963581423,1.4288371105081417,6.461832872736161
177,0.9937928781443972,0.022449916693928772,0.8874550800002583,0.3199853839602824,0.8912120221954901,0.32809524334984175,0.896929108095652,0.29596805068421156,0.9760601991378026,0.6997617156591749,1.8089694830944365,0.5965051628394767,1.4262361504800316,0.5706910246345521,1.5673465828179745,0.6056393963581423,1.4508922152440165,6.263009961632341
178,0.9928128062724599,0.02267082542856892,0.8952956549757565,0.2961342640218685,0.8925187847108788,0.3108117070142758,0.9015027768313593,0.29499041602351395,0.9341631787386411,0.7029388403731551,1.908320157870673,0.5917394757744241,1.4903330250441247,0.5734710087607644,1.6323857865961324,0.6068308181096108,1.485244299637966,6.5258361056648235
179,0.9937928781443972,0.02216626068901859,0.9016661221822934,0.286817647622608,0.8970924534660584,0.30364914417111066,0.9041163018621365,0.30214974990528964,0.9243351934938328,0.6814932486218437,1.979244154080554,0.5790309769895173,1.5519888203256749,0.5603653693525823,1.6313975314247977,0.5941223193128683,1.4696548589349172,6.641830143046057
180,0.9944462593923554,0.018003598772858148,0.8926821300423406,0.30331280594828547,0.9010127409343351,0.2917267613134833,0.9108134596731802,0.2690298084859675,0.891620932821743,0.6902303415527412,1.9120990392597221,0.5909451945988881,1.4250139355884364,0.5734710087489286,1.6183226533630615,0.5694996028712479,1.5065675732658212,6.4715459188882845
181,0.9957530218882719,0.012768117507590352,0.8962757269061107,0.28991180757649077,0.8983992159425025,0.29029675761504875,0.9006860503103561,0.28220691266282544,0.884727301209318,0.696187450381098,2.0453935130152217,0.5917394757744241,1.5255397490482419,0.5822081016798262,1.5840415063198001,0.5909451945988881,1.492263153077024,6.656780079066327
182,0.9939562234563868,0.020654706851502568,0.8925187846719342,0.30487519999182877,0.8977458347140166,0.30612398069674424,0.9011760862268524,0.27082087459545906,0.9120139616527264,0.6926131850911853,2.0667006080556725,0.5873709293089754,1.4903918054484488,0.5794281175772854,1.5916355656988097,0.5873709293089754,1.471241484475311,6.629501157189476
183,0.9950996406403136,0.013374991273603948,0.9003593596474324,0.28252124474820495,0.8966024175300897,0.2967882505607387,0.8982358705915684,0.2965093474739013,0.8987274534053484,0.7057188244875316,1.973408152727511,0.5933280381254964,1.4309284545072873,0.5921366163740279,1.5435582286692309,0.5941223193247039,1.415305487906251,6.372733254675073
184,0.9960797125122509,0.01524478407198059,0.902156158118262,0.27873516767701073,0.8979091800260061,0.2986309582240361,0.9028095393272756,0.2801215463177669,0.8822651123618893,0.694996028605958,2.120998748986264,0.5845909452064346,1.5449190846199763,0.5905480540229556,1.5626320118133372,0.5857823669579031,1.526376163068422,6.764459060713637
185,0.9949362953283241,0.01844394558604268,0.9052597190071188,0.27230134023166647,0.8998693237114638,0.2891887350337095,0.9034629205947061,0.29095307794301895,0.8804207991167284,0.6926131850911853,2.0534575858980766,0.5957108816521048,1.4867845721841686,0.5937251787369359,1.5355598526822611,0.5833995234549662,1.5697429606452808,6.655082084433818
186,0.9949362952893795,0.016374082531077094,0.8923554393599447,0.3090854304782104,0.9006860502714116,0.2968701314167702,0.9039529565890916,0.2752535911760701,0.9071232529100893,0.6862589356868962,2.1112480386632253,0.5877680698967435,1.5034621834867383,0.5830023828671981,1.6509831051436135,0.5758538522755371,1.6190169602151696,6.894257987984785
187,0.9936295328324077,0.019671724186012606,0.9016661221433488,0.2875239743453465,0.9010127409538075,0.28852058459549157,0.9010127408953906,0.2887829240193674,0.8940466774207086,0.7037331215368555,2.043817088950916,0.5814138204924544,1.5509894184555157,0.6072279587210503,1.513397089142805,0.5925337569736318,1.4940443351639936,6.61179559935266
188,0.9975498203201568,0.007815017394057445,0.9021561581377343,0.28247268624026883,0.9062397908790562,0.27362199452009245,0.9124469127346588,0.26028531412260864,0.8337416468551446,0.6906274821405093,2.183929935772171,0.5806195393169182,1.583620837742405,0.5837966640427342,1.574096815963886,0.5901509134351876,1.6173820391506684,6.968580860576523
189,0.9929761515844495,0.020268858632064134,0.9046063377591607,0.2827353482516479,0.8961123815357043,0.3000028039389909,0.9086899706173162,0.280039640198888,0.8925944778779799,0.6945988880300257,2.0369678118583043,0.592533756961796,1.5611215108018768,0.5877680699204149,1.4594758527088583,0.5679110405201757,1.58570273692784,6.652817869773453
190,0.9952629859523031,0.014780305804214041,0.8975824893436102,0.29718225310096863,0.8967657627836624,0.3047284830175401,0.9088533159098334,0.27069887588617847,0.8969403209736129,0.6989674344836387,2.036059966005109,0.6004765687053217,1.4614625073336154,0.5901509134470233,1.5108496799615283,0.5881652104845115,1.5071679179847381,6.525094126026436
191,0.994609604704345,0.018782034784562564,0.9008493956223457,0.2860128471700244,0.8966024175300897,0.29214016371003476,0.895132309663767,0.29515991289605503,0.9016475795686966,0.6898332009649731,2.0673116088277603,0.5806195393405896,1.5503621612800502,0.6028594122437658,1.53210964203591,0.5897537728355838,1.4301429582660614,6.589475516386691
192,0.9959163672002613,0.018274461288778045,0.9041163018621365,0.28214244668641847,0.9080365893498856,0.27643034825504936,0.9031362300096716,0.2830851696716419,0.8694892007710302,0.6953931691937261,1.9664581092806646,0.5881652105081829,1.4975774105434099,0.5849880858060383,1.5624452871614454,0.5988880063542494,1.4696320625165562,6.505677205120599
193,0.9949362953283241,0.02064257088435281,0.8987259065859539,0.2803408611944321,0.8998693237504084,0.2875219239387509,0.9026461940542306,0.28165794957681095,0.8797216462528188,0.6894360603772051,1.8296664036890022,0.5905480540347914,1.5320628703874406,0.5782366958139812,1.520841638479941,0.5909451946107237,1.4820023476759399,6.374124016621645
194,0.9954263312642927,0.011457008831030662,0.9021561581377343,0.273597560075715,0.8972557987196311,0.29333011359365807,0.9062397909180007,0.2693003971057852,0.8572300378304999,0.6997617156591749,1.9510142054271644,0.5885623510841153,1.627921038399716,0.5722795869974602,1.619396669060773,0.6123907863501995,1.4875522030190498,6.69543339194903
195,0.9952629859523031,0.015464770896849427,0.8966024175106174,0.298770014385272,0.8982358706305129,0.30357265020655244,0.9109768049656974,0.2766454044445906,0.9039932773690409,0.6938046068544895,1.9666921396213135,0.5949166004884044,1.5141555013769765,0.5965051628513124,1.5640895148181462,0.5889594916837191,1.5073420972851082,6.5618118779161225
196,0.9959163672002613,0.011140664270258253,0.9005227049983665,0.28860515735529874,0.9050963737340738,0.2894019494523842,0.9050963737146015,0.2719958728968571,0.8706794657842741,0.6934074662548858,2.034848159578648,0.5945194598888006,1.5732212709950917,0.5909451946225595,1.5323841145603878,0.5790309769776816,1.5634607989000744,6.713452716873599
197,0.99640640313623,0.013233526232833774,0.902156158118262,0.28300312107410047,0.9086899705978438,0.28094713180059705,0.9127736034170547,0.26475148733945036,0.85147036944523,0.7025416997735514,2.121248649199078,0.605639396369978,1.4516240966767429,0.5909451946107237,1.623268665741416,0.5893566322596514,1.5486371768956577,6.754309939097753
198,0.9962430578242405,0.01235589373524905,0.902319503391307,0.28697000083698243,0.9023195034107793,0.2860130685844362,0.9121202221106798,0.2681185545455159,0.8629927923382594,0.6882446386139008,2.163711277042838,0.581016679916522,1.5041232432746954,0.575456711687769,1.6043512069659398,0.5897537728355838,1.5161031612695872,6.7978258417465085
199,0.9950996406403136,0.019921529994165493,0.9016661221822934,0.26740461967006807,0.9059131002940216,0.2747146898928673,0.9068931721270143,0.2689631473283992,0.8405374073000836,0.6949960286177937,2.0633170152896185,0.5980937252023847,1.5213107853015326,0.5830023828671981,1.6324444669132387,0.592533756961796,1.439485261389857,6.666086066517212
