epoch,dense_10_acc,dense_10_loss,dense_2_acc,dense_2_loss,dense_4_acc,dense_4_loss,loss,val_dense_10_acc,val_dense_10_loss,val_dense_2_acc,val_dense_2_loss,val_dense_4_acc,val_dense_4_loss,val_loss
0,0.20107807906399908,2.128627533696127,0.19323750408850088,2.193235913276361,0.174126102585724,2.224574519465539,6.554227877114965,0.255758538522637,1.8506982505463532,0.40190627484495817,1.8739585482572354,0.2915011914217633,2.104398573647424,5.836691430298652
1,0.39072198629846605,1.5885888899280058,0.3193400849419963,1.8264279687611038,0.24305782424287833,2.0128366630165377,5.435323017323496,0.5051628276883278,1.3108346362829777,0.4503574265526627,1.509618555865087,0.35544082606425825,1.783279632745611,4.611047042183122
2,0.49787651098308044,1.2797112645218085,0.39578569098961425,1.5720047896611695,0.33338778179013545,1.7811107204771244,4.640045625872956,0.5595710881652105,1.212346505512786,0.5464654487806999,1.3817752906497838,0.3991262906595674,1.5979475352951606,4.199206953298677
3,0.559131002901271,1.0968117974272587,0.44217575959464533,1.424824692734859,0.3941522378697188,1.595715406166109,4.124460796404804,0.5639396346306592,1.1363797578383665,0.5131056394436891,1.2898003443353605,0.5051628276409849,1.3992114255502168,3.8324666013785826
4,0.6006207121855602,0.9986876122743543,0.4859523032078436,1.3184368914928517,0.4501796798431885,1.4530236800485714,3.7772008250329043,0.5980937251787133,1.0236965557996767,0.5814138204924544,1.1797635269316535,0.5476568705795113,1.2691836218875585,3.479680555599658
5,0.6368833714667117,0.9273163029198084,0.5021234890656002,1.2470147066044674,0.4661875204376363,1.3798650387493234,3.561228402881442,0.6096108022713301,0.9993191426287008,0.5770452740743484,1.162763030828229,0.5500397140824482,1.2709820449020865,3.440087436020043
6,0.6613851682846159,0.8525990549936204,0.5318523358379614,1.2003892698306657,0.508983992159425,1.2898084634427578,3.3498319489081205,0.6187450357899957,0.9973891572856638,0.5881652105318543,1.1138244049713857,0.5365369341220053,1.2414842582203454,3.359736732114772
7,0.680823260352955,0.8037372897630111,0.5409996733483206,1.1552367563615318,0.5274420124239798,1.2521085966571956,3.218127398738593,0.6231135822554446,1.0005137341731687,0.5877680699440863,1.0983362428435643,0.5639396346306592,1.2375610156415284,3.3434523901738658
8,0.7063051290233242,0.7561794387597113,0.5628879451354475,1.0998700454281032,0.5545573342045084,1.1827324452021666,3.04583340156939,0.62668784750985,1.0091299272132734,0.5873709293208111,1.1012787015500571,0.5548054011593365,1.228612238542725,3.3460861519274965
9,0.7174126102386134,0.7119113065494661,0.5798758575434156,1.0589882449089643,0.5628879451159752,1.1421935020105312,2.920168318182999,0.6199364575296286,1.0002089497397304,0.5941223193483754,1.0623526123424103,0.5687053216838761,1.1973621289913763,3.267005495271387
10,0.736524011799807,0.6642928607165521,0.5896765763212053,1.0351716873109127,0.5852662528390706,1.0909092651983758,2.7974659774241903,0.6278792692613185,0.9780334594635096,0.577442414638445,1.0614598357933112,0.5528196982204961,1.200462615991794,3.2470660120651207
11,0.7440378961318539,0.6576433519606729,0.5962103888007871,1.0149627617471788,0.597353805926297,1.0788600906286703,2.758588616577717,0.6346306592533757,0.9526060511897347,0.5996822875771284,1.04408504983752,0.5563939634630659,1.17995376838778,3.183779635630116
12,0.7673962757463589,0.6052503376683157,0.6140150277687031,0.965055656916018,0.6174452793399557,1.0122379739469112,2.589698573414386,0.6262907069339176,0.9764676292362527,0.5818109610802223,1.059874678623875,0.5762509928514694,1.1607666323590222,3.204278526654596
13,0.7874877490626562,0.563807778598358,0.6344331918063408,0.9463204767376097,0.6324730480040495,0.9934501545719756,2.510770134893129,0.6441620333598094,0.9954904140971121,0.6163621922633873,1.0113054400545156,0.5897537728355838,1.1112849585492994,3.1252927398568016
14,0.7958183599741231,0.5356881977665935,0.6466840901860845,0.9123832494828562,0.6398235870825235,0.9498077895040802,2.4051064022301616,0.6560762509928515,0.9803265195822224,0.6119936457624314,1.0293206102181465,0.5925337569499602,1.1279419853727055,3.144832316611474
15,0.8056190787129681,0.5099961719883692,0.6520744854720034,0.9011356418174064,0.6607317870171855,0.9245675573626284,2.342961899714702,0.6310563939752988,0.9740978024420613,0.6080222398965864,1.0169686683830144,0.5857823669815745,1.1366667829637398,3.135011448663222
16,0.8193400849006177,0.4950077804776042,0.6631819667165009,0.870319658188756,0.6628552760535773,0.8990344745354962,2.271663527985641,0.6286735504486903,0.9843831373596116,0.6008737092930898,1.02541760040996,0.5436854646544876,1.1757682528734397,3.1928900683844628
17,0.827670695851029,0.45586189469921945,0.6653054557528927,0.8465904127009278,0.6788631165896082,0.8723100327425087,2.1820988331850506,0.6354249404525832,0.9770872971077018,0.6004765687171574,1.0148398649417947,0.5822081016679904,1.1370049625564134,3.136279900458429
18,0.83812479581836,0.42329673933480466,0.6920940869191783,0.8082890378926478,0.6862136556875547,0.8442280815536389,2.0831820549664255,0.632247815738603,1.050454297325647,0.5814138204924544,1.0630916140210165,0.5976965845909452,1.1210329382546464,3.2419630415009735
19,0.8515191114404473,0.4005216749537735,0.6849068931721659,0.8056370535149211,0.6937275400390737,0.8252584724128733,2.038818655665191,0.638204924555124,1.0323480285047253,0.5988880063660851,1.0390570239475363,0.602462271644162,1.1029557580745248,3.181777826512589
20,0.857726233218161,0.3890631040865516,0.696667755615941,0.7837233143045949,0.7000980072261382,0.7964446845299198,1.9766641564713472,0.62668784750985,1.0700589539845657,0.5980937251905489,1.0742700620834746,0.5849880857823669,1.1166452495610553,3.2684242214069563
21,0.8605031035414555,0.36089771783495994,0.7105521071350523,0.7574144397947142,0.719699444606467,0.773277079969479,1.8990569675486682,0.6525019857266102,1.1029623682470882,0.6171564733915806,1.032146723202716,0.6088165210721226,1.1080146559038457,3.2506091397276373
22,0.8699771316757937,0.3471500094382446,0.7244364586346915,0.7248221603786583,0.7169225743026447,0.7840993940849703,1.8635712090523093,0.6461477363104854,1.0610876509725953,0.6016679904686258,1.0367994214732843,0.594519459912472,1.1188554054598092,3.22425895820448
23,0.8794511597711874,0.33152712432242265,0.7242731134005911,0.7140827971476816,0.7299901992812806,0.7478085811992596,1.8009569267165775,0.6401906274939644,1.0558691556558806,0.6131850675138999,1.0178082956739416,0.5861795075456712,1.1283234106443343,3.209553969483985
24,0.8830447565960129,0.32027328466130645,0.7342371773735366,0.6951434958880729,0.7275400195819651,0.7286728022730222,1.7516583619807835,0.6378077839673559,1.0497350274474968,0.6306592533993665,1.0283808038763056,0.5996822875297856,1.0918844278082191,3.177582801003793
25,0.8882718066186229,0.3013209521390768,0.7422410976999688,0.6803746704025543,0.730316889924732,0.7251242930419458,1.714416476917672,0.642176330420969,1.0999230547668302,0.617156473415252,1.0311083481177343,0.5925337569736318,1.1233238470611164,3.2619640287470495
26,0.8931721659198925,0.29097960486750085,0.7458346945637389,0.6634762539013817,0.7394642274156189,0.7179430565854297,1.6800230183814795,0.6481334392493258,1.115198935848839,0.6147736298886436,1.0637506851253289,0.5830023828435266,1.1127417314445527,3.2993295084776815
27,0.8967657627836624,0.28122610227612255,0.750898399176998,0.6644256010101497,0.7486115648286166,0.6934618292506012,1.6467601959318243,0.6429706115965051,1.1024463562808215,0.6111993645750595,1.031545147808702,0.5984908657664814,1.1153445293782154,3.256992960705276
28,0.9046063378175775,0.26434802529528345,0.7557987585561566,0.6601858136117245,0.7482848742046375,0.6761244755288193,1.6083285613451002,0.6314535345630669,1.1292975329919004,0.6163621922278802,1.0240755170062954,0.5945194598888006,1.1128917369012137,3.273946162724514
29,0.9109768049267529,0.25179601872777363,0.7618425350997698,0.6272905940754046,0.7575955570464584,0.665463255301522,1.552246117311457,0.643367752196109,1.1401196410768533,0.6131850675138999,1.0280460840160643,0.6211278792692613,1.150361615587455,3.326236041932943
30,0.911956876857107,0.24531075702076524,0.7698464554456744,0.6149929070231261,0.7616791897877803,0.6524679963396328,1.5204919830173964,0.6497220016003981,1.1230653607004675,0.6278792692849899,1.0245517994601923,0.607625099285147,1.1423783507893444,3.297724678840213
31,0.9214309048940839,0.2168018211972982,0.7832407710093449,0.5957322495313144,0.779647174087158,0.6232435022818812,1.4435153782698735,0.6489277204366977,1.1554655897016086,0.6131850675257356,1.0633990057197424,0.6084193804843545,1.1542230621986298,3.380833850529953
32,0.9181639986932375,0.23255954703866186,0.7732767069585103,0.6047699995648039,0.7703364913621707,0.6331089252410703,1.478200926320376,0.6437648927957127,1.22273019691478,0.6211278792929328,1.0412550101188367,0.5909451945988881,1.1813232197742125,3.4530818696008776
33,0.9235543940083648,0.21555773426323147,0.7781770663376689,0.5797082760566903,0.7749101600589334,0.6224415934346774,1.4254896923515072,0.6429706116083409,1.2522434304432086,0.6254964257583815,1.0861167310958253,0.5980937251787133,1.12729600886204,3.4734515790621185
34,0.9292714799085267,0.20727046647762326,0.7891212021825517,0.5681240537594207,0.7838941521988863,0.5984197930548169,1.3816229410321055,0.6429706116083409,1.1788884995503734,0.6239078634073092,1.0582489417281484,0.5972994440150128,1.1447059115286948,3.3896667031753243
35,0.9243711205098957,0.20611266914009074,0.7876510943746458,0.5676871618193297,0.779483828814113,0.5980095921272314,1.379637458012097,0.6239078633954735,1.2594775773845228,0.6163621922397159,1.0535057288098184,0.569896743459016,1.1779940892084901,3.4988129768606404
36,0.9331917673962757,0.19321852937773995,0.8020254819076149,0.5581451815664671,0.7928781443583113,0.5692196329291916,1.3284285942427827,0.6532962668903107,1.154259693087615,0.6278792692731542,1.025562626582654,0.5790309769895173,1.1234731773614315,3.311142270199546
37,0.9330284220453416,0.18428028343267902,0.803005553701663,0.538994621291966,0.7909180006728536,0.5790830033349663,1.3102182460275207,0.6445591739594132,1.2890902445226244,0.6179507545907882,1.066766062670042,0.5746624305240685,1.1712271676260484,3.5349546165765515
38,0.9372754002154866,0.17247309656104828,0.8077425677493599,0.5199291334943575,0.7932048350017626,0.5736417808551408,1.2739207877009884,0.654487688653615,1.2608922893540953,0.6262907069339176,1.0726217282632686,0.6111993645868953,1.1261286633422065,3.467524219638682
39,0.9423391048676903,0.16042068685359015,0.8129696177914423,0.509817696073327,0.8052923881279336,0.5494039308806721,1.2275352631858345,0.6588562351190637,1.2573860894069016,0.6239078634073092,1.064902220965852,0.6350277998411438,1.121011616296717,3.4511967892680877
40,0.9367853642600458,0.17699860422593613,0.8119895458610881,0.5156762077893279,0.808395949055735,0.5399479945864174,1.2405310292837473,0.6620333598212083,1.2631656520817254,0.632247815738603,1.0706938763339193,0.6024622716559977,1.1717379672232366,3.5135171319209366
41,0.9397255798953298,0.17464228409255148,0.8185233583990867,0.4995413853311336,0.7994119569157822,0.5445320683341913,1.226631151387521,0.6465448768982535,1.2634976640923616,0.622319301056237,1.0938021302270549,0.6020651310682297,1.1705965643321077,3.5358123465177083
42,0.9436458673636067,0.16400060202891104,0.8110094740086231,0.5083290677918051,0.8144397255993482,0.5224894531136905,1.2027420446554145,0.6509134233637023,1.2348531939124805,0.6123907863620353,1.103867587705185,0.5988880063660851,1.1410072244484808,3.4876598446874794
43,0.9529565501470108,0.13736330547784714,0.8253838614637031,0.47528924495322533,0.8211368833325027,0.498783606246031,1.1193705145263548,0.6405877680817325,1.3222145982311537,0.6060365369459104,1.106362178412764,0.605639396369978,1.1439441696424821,3.5804665193754683
44,0.9444625939235544,0.15935988921753647,0.8198301208755309,0.47984822138253086,0.8124795818360013,0.5266726297691187,1.1738328323162526,0.6465448768982535,1.332651626694477,0.6028594122556016,1.1723612541239634,0.60405083400707,1.1833267098527944,3.696295828810753
45,0.9514864423585772,0.14159629241603236,0.8181966677166909,0.4866156364063623,0.8219536099508672,0.49736011924501417,1.133531138812043,0.6449563145471813,1.2559250600508771,0.6274821286853861,1.064398665960532,0.58141382050429,1.1920953555013378,3.52038301583128
46,0.9493629532442962,0.1384835008754523,0.8224436458868359,0.48109290331884447,0.82211695520444,0.49907149179275423,1.1266120444400292,0.6568705321802233,1.3146046646338065,0.6187450357544886,1.1016551966263342,0.5945194599006364,1.1823575811888178,3.6065854760888456
47,0.9549166938908853,0.132991366833205,0.8183600130286804,0.4831697065450132,0.8219536098924504,0.5013379291337676,1.1254674698433351,0.6509134233637023,1.3880098732343689,0.6239078634073092,1.095674535169357,0.5873709293326468,1.2268689235966768,3.718525232115466
48,0.953609931394969,0.12726345723443164,0.8366546880104541,0.45350406196957826,0.8214635739564817,0.495958933094988,1.0846988728664857,0.6493248610007942,1.3491125654094838,0.6219221604566332,1.128314325824155,0.5857823669579031,1.2526376051110726,3.738040905608555
49,0.9545900032669062,0.13082453342472872,0.8340411630186214,0.44307671430374973,0.8211368833325027,0.49526450463425525,1.0771491240925433,0.6556791104169191,1.2873274269436115,0.6231135822199374,1.0713495634809858,0.5917394757980956,1.1860221013770016,3.552687558463114
50,0.9565501469718363,0.12383021458366393,0.8312642926758546,0.4573410296704947,0.833551127102125,0.4800218274121345,1.0691867948006821,0.666401906286657,1.3270470685635511,0.6155679110523441,1.0773680097319192,0.5762509928633052,1.2086396048568941,3.621049251605633
51,0.9513230970271154,0.13803024244930123,0.83649134265952,0.46142462502504167,0.8314276380267887,0.4685698847478996,1.0760276300266107,0.6560762509928515,1.3716389342844397,0.6290706910246228,1.1321860386489213,0.5778395552262131,1.311764395374855,3.82359585357716
52,0.9558967657628226,0.12708038112409692,0.8405749754982031,0.4410639543260324,0.8248938255277345,0.4872897604796202,1.0634458867680283,0.6671961874621931,1.3873136594848643,0.6405877680935682,1.1263786520723127,0.6151707704527403,1.1945834201113326,3.7162919544435096
53,0.9545900032279617,0.13025091037249126,0.8404116302251582,0.43918114468304403,0.8394315582753318,0.45685227395408645,1.0343058979304856,0.6632247815845125,1.3352308222739953,0.614773629876808,1.1152230282687687,0.6084193804725188,1.2297809082360804,3.688262186204753
54,0.959000326690624,0.11555443965604456,0.8461287160863755,0.43287437194237244,0.8301208755114,0.47662655012703375,1.033085090200405,0.6632247815845125,1.3327420773151064,0.6243050039950773,1.1096503083506115,0.5949166005002401,1.1904069733605487,3.640827020995668
55,0.9603070891865404,0.11496969638164138,0.8487422410782082,0.420296907999359,0.8448219536488759,0.4524697080736494,0.9957585788871369,0.6469420174741859,1.393953148595178,0.6219221604684689,1.1453093454727017,0.5794281175654497,1.2027131043984078,3.7499971170099697
56,0.9643907220057513,0.10465763124330922,0.8529892192288809,0.40841379162923297,0.854132636354391,0.4339422772655842,0.9550392228144907,0.6489277204248619,1.4750032509732407,0.6004765687171574,1.1766553793732755,0.6000794281175537,1.3255221151567054,3.985207996877817
57,0.9596537079385822,0.10652725508254617,0.8466187520028718,0.4106969398801446,0.8412283567072169,0.4611757980749055,0.9864215219636168,0.6544876886417792,1.4273578552085378,0.6239078633954735,1.149633330349959,0.609610802235823,1.191695879345924,3.7767048228393008
58,0.9639006860113658,0.11040674388981876,0.854132636354391,0.3952093569525937,0.8467820973732783,0.4356537815676293,0.9492916415930184,0.6528991262907069,1.4279396927544168,0.6219221604566332,1.1781744584026934,0.5869737887212073,1.2168368032472867,3.8309716103188665
59,0.9632473048023522,0.10160301628094184,0.8513557661089856,0.4140776166024842,0.8500490035546523,0.42782797145711093,0.9515340449334125,0.6660047656988889,1.360842884394671,0.639396346330264,1.0857017007112693,0.6020651310682297,1.266748221616266,3.721319902312481
60,0.9660241751061744,0.09993583045438009,0.8529892192094087,0.41053850513848555,0.8474354786017642,0.43910495822957746,0.9576053514039738,0.64932486101263,1.4950836935480782,0.6187450357544886,1.1469467153877753,0.5877680699204149,1.2693861530734207,3.919440271269243
61,0.9702711532179027,0.08871850114334308,0.8583796144661191,0.3895588724666154,0.8551127082458005,0.4218672113611744,0.9081682137748223,0.6600476568823679,1.508586246332389,0.6235107228077055,1.1620827674439638,0.598490865778317,1.2396367603381822,3.9183334529021128
62,0.9639006860503103,0.10569560042196353,0.8520091472985268,0.41697470206561643,0.8475988239526983,0.4367864991239145,0.9674785670716947,0.660444797470136,1.4148770476113695,0.6187450357544886,1.162706450994901,0.6044479746066738,1.2393049963345313,3.8249008135723632
63,0.9658608298136572,0.10387772885575643,0.854132636354391,0.3987093077730953,0.846782097363542,0.41844225151793546,0.9290494245082402,0.6660047656988889,1.3772874957363315,0.6358220810403513,1.125270551092763,0.5925337569499602,1.2504439528756335,3.7610215766975292
64,0.9707611891538713,0.08480563478794452,0.859523031650046,0.38789139641281517,0.8542959817247974,0.41368710461180025,0.8944015609443051,0.6413820492454329,1.510147599321239,0.6020651310682297,1.2069665854138405,0.596505162827641,1.268661699144612,3.9937928701034133
65,0.966677556315188,0.08876937282608188,0.8590329957335496,0.3990306901176238,0.8560927800982655,0.4133206354913584,0.9091375860191179,0.6429706116083409,1.518929550624177,0.6203335981173966,1.1629840829502125,0.5798252581413821,1.2994033519217094,3.989333112411219
66,0.967984318850049,0.09291136807514727,0.8624632472658578,0.38272622781655086,0.8616465207059101,0.39570056184839086,0.8793500644519647,0.6525019857147746,1.5255079054348748,0.6322478157504386,1.179696076322492,0.6000794281293893,1.2186346385980098,3.9318489757106834
67,0.9730480234827804,0.08134767763465411,0.870303822241356,0.36378294132146055,0.8631166285527605,0.3997525058806001,0.8528953867774897,0.6481334392493258,1.5648093575070228,0.6096108022476587,1.2412236456694918,0.5893566322478158,1.28104304519317,4.095082745512295
68,0.9707611891538713,0.09040739202325174,0.8627899379287814,0.3777935087342486,0.8649134270041178,0.4073972512171651,0.8836003811248024,0.6421763304446404,1.595010672747716,0.623113582231773,1.1717955194461005,0.5814138205161258,1.3295695474955702,4.104376452417957
69,0.9705978438613541,0.08653293668475928,0.8706305129042796,0.3672020871122847,0.8575628879645882,0.4147883585487772,0.8765154504106154,0.6489277204248619,1.5860066388489018,0.6239078634073092,1.163212351542413,0.5976965845909452,1.2994470923437758,4.056659856729795
70,0.97125122508984,0.08413145765135834,0.8654034629206142,0.3727431894614392,0.8600130676249592,0.4017959179655472,0.8666598794897254,0.64932486101263,1.5417466570572917,0.6143764893008755,1.178740483354348,0.5833995234312946,1.2804232304213041,4.008893528753467
71,0.9722312969617772,0.08135733938885792,0.8734073831691573,0.36912798236024724,0.8655668082326037,0.3834975207700951,0.8419569332063763,0.6513105639514704,1.5393844158033603,0.6104050834113591,1.1644727247127282,0.6028594122437658,1.3479189458432606,4.059740069558263
72,0.9710878797778504,0.08530363688712903,0.8698137863053874,0.3697246660577904,0.8616465207643269,0.39564076515826785,0.8586249446526184,0.6592533757068317,1.4848810065345142,0.6243050039950773,1.1656162511080954,0.5953137410761725,1.2892637407544754,3.947709410944754
73,0.9738647500816726,0.07388814195168467,0.8766742894089483,0.3530826068750124,0.8681803332439088,0.37600792155317214,0.8109219140649737,0.6536934074780788,1.4728079334709931,0.62668784750985,1.1623353036838073,0.5897537728474195,1.2993489117276535,3.942425181981209
74,0.9704344985298922,0.0851608839068423,0.8694870956814083,0.36973948738264206,0.874224109787522,0.37326258711081167,0.836092509891581,0.6660047656988889,1.5040968768337462,0.6310563939871345,1.18264590780753,0.6064336775455141,1.3050692060983031,3.9997430191426355
75,0.9746814766416204,0.0758382214117054,0.8706305129237519,0.35010486814914205,0.859849722332442,0.3947058696541978,0.8285757631345809,0.6477362986615577,1.6087503428566303,0.6199364575296286,1.2488585975645459,0.6004765687053217,1.3155328106694368,4.181064616696431
76,0.9737014047696831,0.08383007248571799,0.8693237504083633,0.36412170542996136,0.8670369160210374,0.38759677053198865,0.843470730547109,0.6600476568823679,1.4783944253675858,0.6243050039832416,1.1733375317058314,0.6044479746066738,1.2402178920491809,3.8998689940043914
77,0.975334857850634,0.06702405579471964,0.8742241097485773,0.3504438590804801,0.870957203547731,0.3726511725274148,0.7980391625406227,0.6525019857266102,1.6206963157571255,0.6250992851587778,1.1928000277687956,0.5929308975495641,1.3474306953794266,4.168847584672349
78,0.9741914407056518,0.07715257796898091,0.8750408362890528,0.34308025561217115,0.8686703691409328,0.36679146101723226,0.7949476268353006,0.6493248610244657,1.6942090858886854,0.6294678316360622,1.1805303648522536,0.5889594916718833,1.3552832210005938,4.237946451680825
79,0.9740280953936622,0.07369090170843,0.8781443972557987,0.3404304726923731,0.8657301535445933,0.3691110506395778,0.7911524702154394,0.6358220810403513,1.5762253269800348,0.6115965051864991,1.2204712832419051,0.5941223193128683,1.243459826150378,4.048069206469584
80,0.9727213328977459,0.07819877804359053,0.8689970597454396,0.359271034632427,0.8789611238352187,0.36221306101436984,0.8075918356253018,0.653296266878475,1.585113881000782,0.6223193010444013,1.219247037919151,0.6000794281293893,1.281935970179849,4.094203867722448
81,0.9776216922574322,0.06899185441374293,0.8753675269130319,0.34296509201952696,0.8703038223192451,0.3690738711957642,0.7889435350875456,0.6656076251111208,1.5535505499019095,0.6254964257465458,1.2349292504008655,0.6084193804725188,1.2524108010757717,4.048802105678842
82,0.9737014047307385,0.07949525590540889,0.8743874550605669,0.34925565126478886,0.8640967004246978,0.38051158063690554,0.8171687166662007,0.6612390786575078,1.523508494052902,0.6342335186656076,1.2183805573391384,0.6123907863501995,1.2231188121623846,3.972908831251056
83,0.9790918000653381,0.06532011595217688,0.8836981378244988,0.32346212109371325,0.8743874550410946,0.3567427692022716,0.7534233327980565,0.6378077839673559,1.6249066000704255,0.6080222398847507,1.301565310779465,0.5921366163740279,1.2864280667827657,4.220795785580674
84,0.9774583469454426,0.07198334344654664,0.8786344331528229,0.33536248986372874,0.8815746488465238,0.34736975565022093,0.7626139008504275,0.6489277204248619,1.5896598760645564,0.6163621922397159,1.221853362397839,0.5885623510841153,1.3585628457752081,4.177975163242474
85,0.9772950016334532,0.0696006868474553,0.8902319503819697,0.3232886963510233,0.8778177066318197,0.3597300030955572,0.7605121383399054,0.6489277204366977,1.5992568417461892,0.6310563939752988,1.200436514092874,0.5881652104963472,1.329668422419699,4.137247001372035
86,0.9758248938255472,0.06776946219046683,0.8797778503562219,0.33981584362035794,0.867363606683961,0.3665166507842922,0.7819916645478128,0.6588562351072279,1.6094607011412476,0.627084988097618,1.196370933379466,0.6143764892772041,1.3096436013817503,4.123360083678869
87,0.9771316563214636,0.07308614329528945,0.8815746487686347,0.3298907249153381,0.8822280300555374,0.34147020478783696,0.7523327059155389,0.6413820492572686,1.7533190765383808,0.6274821286853861,1.1810459225032421,0.6048451151826062,1.3361186757979646,4.278369370199935
88,0.9771316563214636,0.07029949923527454,0.8761842534729797,0.33380840493719666,0.8737340737931365,0.3506085645506017,0.7625980788841236,0.645353455146785,1.671651197728317,0.6175536140030201,1.2546978920721836,0.5877680698967435,1.3470184894558264,4.281247297338875
89,0.9794184906893172,0.061821509125344,0.8833714472005196,0.3260492259275676,0.879614505083177,0.34482554745261323,0.7405737467117459,0.6393963463184282,1.7577246556047568,0.605639396369978,1.3055764438970587,0.5734710087607644,1.399750185025245,4.470921672342125
90,0.9786017641293695,0.06827049287212833,0.8868016987523001,0.3112889165019179,0.8752041816399869,0.3493653452087757,0.7367943573021414,0.6521048451270065,1.6266520622856768,0.6247021445828453,1.2368679360543526,0.5822081016679904,1.3988712044396512,4.270255322744915
91,0.980561907873244,0.06302805490874251,0.884188173799412,0.32425823552142713,0.8756942175759556,0.3568375325648857,0.7519814550720839,0.6660047656988889,1.5931634688861562,0.6258935663461496,1.178473799476863,0.613582208101668,1.306201549907488,4.085700397025365
92,0.9815419797451813,0.05073173773731021,0.8874550800781474,0.3144007871954007,0.8871283893957516,0.33720192260619125,0.7101930223310434,0.6600476568823679,1.8317147121241724,0.6278792692849899,1.2485003045910261,0.6115965051864991,1.3801283474820736,4.468202408133895
93,0.9763149297809881,0.06536972113079928,0.8828814113229678,0.32144429547574077,0.8863116628747484,0.31647669338724344,0.7111538305114352,0.6517077045392384,1.662143048961078,0.6266878475216857,1.238195256440293,0.6104050834231949,1.3305752313058938,4.2387723401721455
94,0.980235217249265,0.05846451733330793,0.8983992159035579,0.2942597077832682,0.879941195707156,0.3427165455675639,0.7033050209819316,0.6497220016003981,1.6164378685631875,0.6270849881094538,1.203919961006988,0.5837966640308985,1.399974100479621,4.228195625321083
95,0.9784384187784354,0.06015183032190318,0.8899052597385183,0.3100003615503645,0.879614505083177,0.34606919328358704,0.724088749185336,0.6306592533875307,1.760443771226743,0.6243050039950773,1.247085978496728,0.5790309769776816,1.4235702060261775,4.438966305732633
96,0.9828487422021531,0.05190807345156457,0.8897419144265288,0.3110921007819286,0.8817379940806243,0.338211207783561,0.7090680905316866,0.6576648133557594,1.738249096432919,0.6298649722119946,1.247304526522365,0.6076250992969826,1.4141704259592687,4.407578609250574
97,0.9815419797646536,0.060167323798430865,0.8881084613066333,0.3098724044564891,0.8832081018885302,0.3434194412030102,0.7213066564942839,0.6536934074780788,1.7047861659989116,0.628276409872758,1.2658569745133565,0.5921366163621922,1.3879960594895555,4.36648300137427
98,0.9828487422021531,0.050967519785606825,0.8884351518721956,0.30968305439837657,0.8902319503235528,0.31938176060065615,0.6878789232588017,0.6592533757186675,1.6951668678022667,0.6199364575177928,1.2614365257381968,0.615170770464576,1.3240219161529878,4.288470695234651
99,0.9833387781770663,0.05278462243002995,0.9016661221433488,0.29235859197247693,0.8838614832143774,0.3311495508917092,0.6841352775921739,0.6540905480658469,1.6869331381405617,0.6199364575177928,1.288621814745442,0.5992851469538532,1.3207121951963436,4.30411403280009
100,0.9828487422410976,0.05412563172376246,0.8961123815941211,0.30177480070974966,0.8899052597190461,0.3237724341464292,0.6875187099194146,0.6429706116083409,1.7148700142295912,0.6187450357544886,1.2309728995190432,0.5976965846027809,1.4110648322442134,4.364750397120136
101,0.98203201568115,0.058412826326589,0.8894152237830775,0.3194610019236053,0.8933355112902988,0.3152672962128279,0.7009803614208255,0.6477362986733934,1.6648725809361504,0.6290706910482942,1.2023033303185717,0.5972994440031771,1.3872249485766537,4.2622274074694575
102,0.9833387781770663,0.05180200571499306,0.8946422737277984,0.3037654286270553,0.8877817706826543,0.3238832613965025,0.6872734103043926,0.6497220016003981,1.7087902477797523,0.6258935663343139,1.2349918779397029,0.6028594122319301,1.4073107840043564,4.358911684136527
103,0.982358706305129,0.05807789529293475,0.8928454752959133,0.30885832411855,0.8912120221760179,0.3228016076369131,0.6975590535742284,0.6787132645193029,1.5202007454630329,0.6370135028036555,1.1942855883522863,0.602462271644162,1.3137504342452249,4.036055269993611
104,0.9810519438092127,0.05639887230564154,0.8894152238025497,0.3018661675617532,0.8856582815878455,0.328822708714538,0.6949053274109176,0.6648133439355847,1.6839381383401486,0.6330420969141392,1.254205051623137,0.60405083400707,1.340485434132947,4.286442682655962
105,0.9857889578569095,0.04724565644671343,0.8959490362237147,0.29063023550862466,0.8908853315715111,0.31532075998246456,0.6610091224249497,0.654884829241383,1.785780003086874,0.6195393169418605,1.2412065563396484,0.6016679904686258,1.3682046104067191,4.40300956413422
106,0.9821953609541949,0.056165222064195275,0.8949689643517774,0.30129166553998765,0.8840248284484779,0.33287940839076113,0.6981526794230303,0.6584590945194599,1.692511624002787,0.6258935663461496,1.263750688895595,0.6119936457505957,1.2981144822778874,4.2621893338427075
107,0.9833387781770663,0.051973443752649,0.8952956549757565,0.2977471163764727,0.8921920940479552,0.3065265177638653,0.6640606234078312,0.6497220015885623,1.7246942075846952,0.6298649722238303,1.2750663500785164,0.6100079428354268,1.3754168786522745,4.382989983683166
108,0.9823587062661845,0.05401216756220973,0.9008493956028734,0.2813108429161796,0.8917020581704034,0.30587665475259923,0.6490129039436335,0.6378077839673559,1.700107772124306,0.6199364575296286,1.277106673013629,0.5969023034154091,1.374446891212719,4.359480692575241
109,0.98203201568115,0.054879242379075495,0.8961123815746488,0.29891772048681126,0.8936622019142779,0.3104591694840299,0.6720734973118921,0.6457505957108817,1.7065247970310293,0.6310563939871345,1.2590894941995077,0.6036536934311376,1.3459669559176144,4.319391700805323
110,0.9826853969291082,0.05585143937518907,0.8944789284547533,0.29837580417197385,0.893172165958837,0.3071100046065305,0.6691458753630524,0.6596505162945998,1.6151481262686682,0.6358220810285156,1.2450108217361004,0.5949166004765687,1.3765063266979265,4.244471714480516
111,0.9874224109768049,0.038192810729567095,0.8985625612155475,0.28927651366565166,0.9023195034302516,0.2927390688988303,0.6280116195656902,0.6552819698409867,1.7784950682296454,0.6266878475216857,1.2209945554956734,0.6104050833995235,1.3726930101206074,4.379985674801471
112,0.9857889578569095,0.047210117834341404,0.8977458346555998,0.2915281402406565,0.9037896112576297,0.293991399167683,0.6405296378842914,0.6624305004089763,1.6215665621105526,0.6358220810403513,1.2143253897145876,0.5972994440268485,1.3123946317350987,4.1560770859076355
113,0.9831754328650768,0.05032998885463947,0.8977458346945443,0.28397566641381816,0.8944789284547533,0.304068183719294,0.6461604213702916,0.6616362192216044,1.6370990268964316,0.6310563939871345,1.256788467835987,0.6111993645868953,1.3249113123266232,4.226580802957817
114,0.9831754328650768,0.05516889435752565,0.902156158118262,0.283542482321732,0.8956223455997356,0.2968011560129675,0.6432927625119316,0.6528991263143783,1.7342079447765586,0.616759332827484,1.3512698327079475,0.6056393963581423,1.3388200785355928,4.4320733700364805
115,0.9848088859849722,0.04686699641296626,0.8931721659783093,0.29081490147117695,0.8944789284547533,0.31121845951693894,0.6566717511433007,0.6513105639396346,1.7036718039297571,0.6223193010444013,1.2638681617915346,0.6111993645750595,1.418336215150499,4.393642531608759
116,0.9813786344331917,0.054693929954739325,0.8957856909506697,0.3022156525762281,0.8905586409280597,0.3106032506347053,0.6752748410419793,0.6521048451388421,1.6067978487246206,0.6123907863620353,1.3021722188466498,0.6286735504605261,1.2804677632768255,4.197196719024369
117,0.98921920940869,0.0353716643212361,0.9037896111992129,0.2759749727327911,0.9042796471351815,0.27651777737297795,0.5956193650423098,0.6528991263380498,1.8653401693329585,0.6354249404289118,1.2598573061074645,0.6052422557822099,1.4195849591425256,4.5525339849772575
118,0.9841555047370141,0.050050353806482734,0.9005227049983665,0.2827936381087004,0.8925187846719342,0.306478790437443,0.6470746943001184,0.6600476568823679,1.7807325703585275,0.6088165210721226,1.3497683127729534,0.6068308181096108,1.3997029797333078,4.5379553503749674
119,0.9843188500490035,0.04781970285224898,0.8959490362821315,0.28702380883756007,0.8975824893825547,0.30017978048858124,0.6427704442739097,0.6521048451151708,1.743428647561594,0.609610802235823,1.323483367042943,0.5988880063542494,1.3970557320833419,4.471705945346259
120,0.9835021234890559,0.054137572338463835,0.8923554393599447,0.29582037900600977,0.8938255472067952,0.3033213078664121,0.6610117097358149,0.6556791104287548,1.809731059131057,0.6302621128115984,1.2794558803556078,0.6064336775336785,1.3973757862376022,4.49428863235179
121,0.980235217249265,0.055187870065651366,0.9016661221822934,0.27811971937946073,0.8933355112708266,0.3121704124632282,0.6531993035483851,0.6755361397934869,1.7359660679894537,0.6453534551231136,1.2872101188688359,0.6215250198570293,1.3457899527118273,4.3766839381623965
122,0.9835021234890559,0.04677137005273181,0.9060764455670666,0.2614635544074824,0.8957856909117251,0.29725814840249165,0.6132178914017321,0.6540905480658469,1.7152010758101905,0.6211278792929328,1.2898114386937085,0.6044479745948381,1.3820202697343633,4.394757687430045
123,0.9848088859849722,0.052715891912559834,0.8997059784578911,0.28089159410428627,0.8952956549757565,0.3002356852787221,0.6415671923510275,0.6620333598212083,1.7203355400206397,0.642176330420969,1.306153851788346,0.6044479746066738,1.3663808513947595,4.4005876961589525
124,0.9866056844168573,0.03913441937490307,0.9039529565112024,0.27564978006130647,0.8993792877754951,0.2940091037771664,0.6165109915657007,0.643367752196109,1.8277641116127625,0.6254964257465458,1.3125822227196715,0.6036536934311376,1.368958462864853,4.517019558268895
125,0.98399215938608,0.050739647577796955,0.9000326690623979,0.29396328705368147,0.8992159424635057,0.2842381223476389,0.6366599206634691,0.654487688653615,1.734377309405452,0.6294678316242265,1.2775372737697588,0.5996822875416212,1.464633025566295,4.484266460888721
126,0.985952303168899,0.042737577236737455,0.9029728846392652,0.2744364706091692,0.8980725253185233,0.29376621751010673,0.6186572536753112,0.6596505162945998,1.6652291679822908,0.6187450357663243,1.2667542405195706,0.609610802235823,1.3773030105362793,4.316997256659628
127,0.9846455406729827,0.0429788952924857,0.8974191440705652,0.28688994422433267,0.900849395583401,0.2859043449854703,0.6234779759915348,0.6560762510046871,1.8022050252571937,0.634233518689279,1.3055903645997202,0.5972994440150128,1.3630914551970077,4.478580198643509
128,0.9828487422410976,0.052118501932229895,0.9041163018816089,0.2680214777228607,0.9010127409343351,0.31002816032132696,0.6378616378495056,0.6540905480776825,1.658446477616974,0.6326449563382067,1.2983211663265353,0.6048451151826062,1.3517081428798563,4.3161694778749355
129,0.9875857562887945,0.03758037585394656,0.9090166611828784,0.26499501907603484,0.8988892518979433,0.2851266382528029,0.5953965012990583,0.6584590945431313,1.766348671698257,0.6258935663461496,1.3052062681529188,0.5984908657901528,1.4159602969607472,4.495209627889091
130,0.9849722312969618,0.04468355486183339,0.8982358706305129,0.2847484710368601,0.8985625612155475,0.29331140788268983,0.6304324184979773,0.659650516282764,1.84084968966501,0.6389992057306602,1.293210182466187,0.6056393963463066,1.3962135303608711,4.537964384490957
131,0.9874224109768049,0.04109480820775429,0.9121202221690966,0.2505776988052146,0.9096700424892534,0.26443469190433966,0.563795743113988,0.666799046874425,1.7641848905415793,0.6239078634073092,1.3912630230676593,0.6127879269261318,1.430244240933671,4.5933744092963815
132,0.9866056843779126,0.04592261065187998,0.9070565174974207,0.26691261519504816,0.9044429924861156,0.27786322934288327,0.598380387725101,0.6560762509928515,1.803224997867983,0.6243050039950773,1.3456706111589365,0.6020651310563939,1.439751164298623,4.596326096461253
133,0.9875857562887945,0.04151463377741406,0.918490689278272,0.23968344004334907,0.9065664815030352,0.2776708385643325,0.5665438033930035,0.6691818904128692,1.621079293712723,0.622716441644005,1.2936363120321437,0.6100079428117554,1.393027579396145,4.315417563458394
134,0.98562561254492,0.04232133599246584,0.8997059784384188,0.28265027933818226,0.909180006494868,0.2709512312071108,0.6035938120012928,0.6556791104169191,1.7996653118045578,0.6350277998648152,1.2733273952311708,0.6016679904804616,1.3863739920743077,4.467030535315217
135,0.98562561254492,0.042467261796643105,0.9037896112381575,0.27027534347116383,0.9067298268539693,0.28645073156347467,0.606847968167902,0.6644162033478167,1.804725722814973,0.6211278792929328,1.347664344538006,0.5992851469538532,1.4555711519369607,4.615611323105901
136,0.9872590656648155,0.039173000708870226,0.9016661221822934,0.272038596138548,0.9049330284220843,0.28152309693043154,0.6003891969624784,0.6453534551349492,1.8717031784471578,0.6115965051864991,1.403395986363493,0.5837966640190627,1.4226098426804834,4.705366455166467
137,0.9854622672329304,0.04481424579488558,0.9085266252469097,0.2581714582171599,0.9011760862463247,0.2935059379855623,0.6041465418395635,0.6465448769100892,1.882844219624802,0.6203335981173966,1.3802698356372387,0.5826052422557585,1.4298455505265697,4.700605202741429
138,0.9833387781770663,0.04598547309527947,0.9062397908790562,0.27220032101010855,0.8964390721596833,0.2894057754508735,0.6152404077066311,0.662430500420812,1.8047917779352942,0.6183478951785563,1.3649911973285145,0.6000794281293893,1.3971673228853398,4.574600255180437
139,0.9851355766089513,0.04960050611925204,0.9101600784057498,0.2689297569453794,0.9090166612412952,0.2684679430724164,0.594649444526802,0.6525019857266102,1.7788820701963441,0.617156473415252,1.36933343923215,0.5957108816521048,1.4447536515981858,4.600625895348402
140,0.9869323750408363,0.04274073934722728,0.9117935314867006,0.2439668209908718,0.9101600784057498,0.27550917405517067,0.5698692790630868,0.6636219221722806,1.682045889966297,0.625099285146942,1.2782947436090473,0.5945194599006364,1.409011132457398,4.377004154576869
141,0.9852989219209408,0.04316561009536067,0.9034629206141783,0.2716233615234996,0.9068931721854311,0.2763871522227832,0.5988292748516816,0.6656076250992852,1.5809238566773658,0.6247021445591739,1.278254108232719,0.6131850675257356,1.3249226073842464,4.191754695392015
142,0.9861156484808886,0.0457643495621141,0.9104867690297288,0.2536028044814611,0.9010127409343351,0.27732246135334415,0.5843380735782442,0.651310563963306,1.7624567170964733,0.6262907069339176,1.3397118240873003,0.5992851469420175,1.3621812458545846,4.4719932796559325
143,0.9901992812806273,0.028662358922532313,0.9140803659129711,0.2414739462785844,0.9064031361910456,0.26617536409272746,0.5439553470130217,0.6572676727798271,1.8530828039407892,0.6207307386814932,1.3463782321919138,0.5972994440150128,1.4511777013654927,4.658284661372661
144,0.9851355766089513,0.04355758119848262,0.9126102580466484,0.25133066307491664,0.9062397909180007,0.278475173651364,0.5810026901097751,0.6457505957108817,1.9015769637813247,0.6286735504605261,1.3684560501292597,0.6008737093049255,1.4037817533758954,4.681453578464089
145,0.9887291734727214,0.0317716616091563,0.9099967330937602,0.25595802050941874,0.9142437111665438,0.2559807292535312,0.55134292032566,0.6556791104287548,1.881639495285735,0.6104050834231949,1.3797293452633288,0.6235107227958697,1.3786071589496949,4.647602673108091
146,0.9838288141130349,0.05292803978312527,0.9109768049851698,0.2490386706586758,0.9036262659261679,0.2763312949188363,0.5859237500593889,0.6660047657107246,1.8129371066894797,0.6350277998411438,1.3654811357778982,0.5969023034272448,1.4277422661520245,4.613782649159999
147,0.98921920940869,0.03570121453034272,0.909996733074288,0.25126668169476246,0.9144070564785334,0.25904715534364114,0.5536378215084431,0.6719618745272457,1.72590542508745,0.6449563145353455,1.2839642913562317,0.6227164416203336,1.3636360996657269,4.38112175321418
148,0.9870957203528259,0.03761970364599743,0.9134269846455406,0.24034918018831844,0.911303495550732,0.2622337024202537,0.5478173646806931,0.6544876886654506,1.8450014827768075,0.6322478157504386,1.3478745092342683,0.5881652104963472,1.4497806390013614,4.650269847336603
149,0.9888925187847108,0.035661293448596525,0.9207775236461256,0.23251784457047756,0.9064031362299902,0.26417357271810404,0.5399628388982939,0.6457505957227173,1.8245262274510299,0.6290706910482942,1.3107643680479837,0.6016679904686258,1.4187035371088574,4.561596506912146
150,0.9887291734727214,0.035994737650975474,0.9108134596731802,0.24446284672387167,0.9124469127736033,0.27102914509357084,0.5590871971870941,0.6624305003971406,1.864713343553889,0.6243050039714059,1.3509489379281725,0.6123907863620353,1.4200570542519546,4.643314523283596
151,0.9870957203138813,0.03934038867444317,0.9163672002418802,0.23897915042642284,0.9101600783668052,0.2601801846754469,0.5460910531906706,0.6675933280617969,1.7609795193942899,0.6493248610244657,1.3378011125204248,0.6171564733915806,1.3622705396856578,4.4686354151005965
152,0.9879124469127736,0.03695335791819232,0.9078732440378962,0.2616713976317743,0.9104867690297288,0.2637439380402621,0.5699515655047751,0.6636219221722806,1.7711943651586268,0.6354249404525832,1.306804646501899,0.6092136616480549,1.4481032456347542,4.533680742309149
153,0.9872590656648155,0.04461221451157711,0.9099967330548157,0.2474408859483793,0.9065664815030352,0.2688068407431016,0.5684336682076315,0.6695790310006373,1.692721316610092,0.6389992057424959,1.3212714991617336,0.613979348689436,1.3932072241214342,4.414762704617642
154,0.9872590656648155,0.038080332808333305,0.9194707611502093,0.24064435872405388,0.9068931721854311,0.2793720633263722,0.5656589191554224,0.660444797470136,1.8111730713618814,0.647736298649722,1.3530222324830516,0.5976965845909452,1.4425869531784505,4.6143441161435215
155,0.9874224109768049,0.03763072776021966,0.9150604377264916,0.23755952849989037,0.9116301862136557,0.2559829871664636,0.5387400813797493,0.6612390786575078,1.7949836345731534,0.6358220810403513,1.3559259894844722,0.6076250992969826,1.4179504791905657,4.576430182356604
156,0.9872590656648155,0.039743966495026296,0.9124469127346588,0.2527215541119826,0.9171839268407725,0.24757844397091702,0.5476116468726479,0.6536934074780788,1.7348355416514245,0.6389992057188245,1.2858567686220357,0.5675138999442433,1.4732808265124904,4.501539390886275
157,0.9887291734337768,0.035025330936829496,0.9191440705262303,0.24637013585183482,0.9145704018489398,0.25074169231771604,0.5397032829368477,0.6695790309769658,1.767154056165496,0.6378077839791917,1.3463703146510602,0.6056393963463066,1.40106626702406,4.522158300952366
158,0.9882391374978081,0.035975666021662606,0.9114668409016661,0.25267596187952956,0.9098333877622984,0.2518895456785861,0.5481108211879051,0.6612390786456721,1.8188931898729448,0.6401906275058001,1.2761134998022183,0.5913423351984918,1.4847101779089467,4.587284729748704
159,0.991016007840575,0.02763410743782512,0.918163998654293,0.23709976373496533,0.9196341065011434,0.23791657465004096,0.5102160215202557,0.6620333598330439,1.8352748200623952,0.6370135028036555,1.2624933650484864,0.6064336775455141,1.4443844470178457,4.549717209682851
160,0.9880757922442355,0.03564420012514805,0.9181639987127098,0.23941667191623395,0.9121202221496243,0.25490587568461254,0.537532565096008,0.6636219221841162,1.889632418317294,0.628276409872758,1.2990625890932024,0.6155679110641797,1.4303468213343773,4.626607088086574
161,0.9893825547206795,0.03650288371402278,0.9152237830774257,0.24337868148212105,0.9096700424892534,0.2749071660013769,0.5623440978399331,0.6656076251111208,1.7600493953128655,0.6207307387051647,1.351737979761043,0.609610802235823,1.4669288124343953,4.586270702675849
162,0.9911793531525646,0.029626928522481003,0.9207775236461256,0.22906155214419516,0.914897092414502,0.24826400577827282,0.5144998837689565,0.6532962669021464,1.809147592565861,0.6310563939871345,1.3045858359459945,0.6064336775336785,1.4385342494990734,4.559809941256964
163,0.98921920940869,0.03821235595641269,0.9155504736624602,0.24254019127605553,0.9183273440246993,0.2311626793326836,0.5194567304855466,0.664416203335981,1.7955216454464804,0.642176330420969,1.2767237797394289,0.6119936457624314,1.4756376254167023,4.55542432865375
164,0.9893825547206795,0.035821739584184956,0.920940869016532,0.23547279553920547,0.921594250245018,0.23490915982352678,0.5137435208832037,0.6679904686377293,1.836454751592791,0.6386020651547278,1.223982484227104,0.5857823669697388,1.5694280927257378,4.6373986709179436
165,0.9888925187457663,0.040911489807264445,0.9206141783730807,0.2334871251855322,0.9109768049267529,0.2599332782858846,0.5418678834055889,0.6791104050952352,1.7169738248555302,0.6552819698173153,1.2602958840786274,0.6131850675257356,1.4621493355025232,4.446953965166053
166,0.9897092453446587,0.03465610362249127,0.9204508330221466,0.22739450285215465,0.9171839268213002,0.2381488160564595,0.5077344847344682,0.6791104050952352,1.7535832319920457,0.6449563145590169,1.2539521159132243,0.6104050834113591,1.4390968303140652,4.454167015394869
167,0.9906893172165959,0.0254723481516998,0.9258412283567462,0.2115714273262466,0.9142437111665438,0.2602216546046154,0.5048015513175923,0.6604447974583002,1.8921111020910346,0.634233518689279,1.3699938238386102,0.6171564734034163,1.4804092938645586,4.750047121797648
168,0.9862789937928781,0.04181295346014122,0.914733747141457,0.24447040418293772,0.9184906893172166,0.24465486755225246,0.5384684796379657,0.6540905480658469,1.8106283705328838,0.6294678316242265,1.277030158826432,0.6024622716559977,1.494876556995756,4.5900612341638025
169,0.9893825547206795,0.035740897347664564,0.9140803658934988,0.24561445815236166,0.9148970924339743,0.2489665543641658,0.5378451399147335,0.66282764100858,1.834728125710849,0.6294678316360622,1.3704998898686067,0.6235107228077055,1.4256235318316843,4.6383724771292085
170,0.9900359359686377,0.03071727966488456,0.914733747141457,0.2432849330523948,0.9132636393335511,0.2518471520258998,0.5333689226118111,0.6640190627600486,1.8620908124666822,0.6421763304446404,1.337631676204035,0.6012708499045293,1.4392542071234378,4.646496411019417
171,0.991342698464554,0.031176442979320814,0.9209408689581152,0.23205169165925005,0.9211042142701048,0.23760963318706999,0.5083546198804719,0.6707704527521058,1.7844145530754174,0.6358220810403513,1.29654530920325,0.6155679110405083,1.4365868947521958,4.525054404661474
172,0.9905259719046063,0.03296770823472982,0.9173472721332898,0.230701631186387,0.9186540346292061,0.23754705512839588,0.5087183920465159,0.6624305004089763,1.831996816891476,0.6302621127879269,1.3079298818254632,0.6004765687053217,1.4620623994526927,4.609485666237245
173,0.9877491016007841,0.039244445845098355,0.9204508330805634,0.23294041730884593,0.9160405096568457,0.24627079442021738,0.5259466675401941,0.6640190627718843,1.8611178687417407,0.6417791898568723,1.2941672312831054,0.611199364598731,1.5274214952010914,4.690197013786049
174,0.9877491016007841,0.0327583390369067,0.918490689278272,0.23086024154609264,0.9098333877428261,0.25894167494881937,0.5300513692285375,0.655281969829151,1.933536120384769,0.6274821286972219,1.361940547616781,0.5969023034272448,1.5039709146408995,4.806937365226797
175,0.9880757922247632,0.03854470253602179,0.9242077752368507,0.21030955283870031,0.9160405095984289,0.24938097542619753,0.5057224670935596,0.6671961874621931,1.8421155096306807,0.6306592533993665,1.3641780442761655,0.5996822875416212,1.4092840750171338,4.623065927797504
176,0.9888925187457663,0.037174816192603016,0.917347272152762,0.24622881182124706,0.9180006533423034,0.245254600719372,0.5361443131782385,0.6683876092136616,1.8835486071294427,0.6481334392611615,1.2905912276097027,0.6004765687053217,1.560830100461311,4.742450973153635
177,0.9884024828487422,0.033335865976944476,0.9184906893172166,0.22104126559883813,0.9137536752305752,0.25496307099149806,0.5168222313669529,0.6671961874621931,1.6529631526610278,0.6389992057424959,1.2611162101234457,0.6135822081135037,1.3887501581245774,4.310313287326464
178,0.9908526625285854,0.028897072776546746,0.920124142437112,0.23791044431549005,0.911956876857107,0.26892936596271455,0.5432118886886411,0.6715647339276419,1.827858268841285,0.6286735504486903,1.3473553235078197,0.6119936457742672,1.460870531804836,4.643550526087392
179,0.989382554681735,0.03253783229635146,0.9191440705262303,0.23836726342120695,0.9281280627440721,0.21474304557459994,0.4931131951834633,0.6656076251111208,1.897802466031632,0.6366163622158875,1.3432066690374973,0.5885623510722796,1.5357516566583647,4.7842253948235625
180,0.9885658281607318,0.03648724002148933,0.9215942502060734,0.23486840906402365,0.9155504736624602,0.2486073768453363,0.5274268045451898,0.656473391604291,1.9364151669964693,0.6382049245669598,1.3423108836669975,0.5746624305240685,1.5094044382925824,4.795584963724857
181,0.9887291734727214,0.032984322535353675,0.9194707611502093,0.2397814644308933,0.9162038549104184,0.2338164161327266,0.5140355741303951,0.666401906286657,1.9253041382764273,0.6350277998648152,1.3604787395167814,0.6032565528196981,1.4939038911427507,4.78713567338949
182,0.9911793531525646,0.0317048011281078,0.927147990813718,0.20878304802648034,0.9230643580529239,0.23241101245814796,0.4803536822985917,0.653296266878475,1.937252843473087,0.6219221604566332,1.3908896065147696,0.5885623510722796,1.5336098044465656,4.869214699808523
183,0.9900359359686377,0.02932465334270959,0.9183273439662825,0.2328252294330533,0.9150604377654361,0.24156336062330702,0.5111737897177219,0.6612390786456721,1.891696614676581,0.6298649722238303,1.342415904867403,0.6040508339952343,1.5322006327984818,4.773770542006061
184,0.9900359359686377,0.031915972170956514,0.914407056517478,0.2333107690263889,0.9240444299443334,0.22659476331658163,0.49927369309227204,0.6640190627600486,1.8393140836417252,0.6262907069220819,1.3085584077847985,0.5984908657901528,1.4945774449522269,4.649895891180296
185,0.9901992812806273,0.0343680593999605,0.9207775236850703,0.22875159301474685,0.9180006533812479,0.23743992146957704,0.5080019695546182,0.6604447974583002,1.9857293268471894,0.6358220810403513,1.3244440410318736,0.5941223193010325,1.5873481900796644,4.904961460942404
186,0.9890558640967004,0.032496660461972034,0.9225743220780107,0.22538018106625618,0.9162038549104184,0.2409764122034124,0.506288966558915,0.6687847498014297,1.851056341065179,0.6370135027918198,1.3756335558749977,0.5929308975377283,1.4701802267206978,4.7043118404906545
187,0.9919960797125122,0.025434540428419097,0.9260045736297912,0.21738766655155506,0.9209408689581152,0.2342178908044978,0.48447664601473356,0.6664019062984927,1.9118155540631308,0.6318506751626707,1.3347334458046638,0.5905480540229556,1.4770494177441886,4.731037333512988
188,0.9918327344005227,0.028690996957236765,0.9261679189807253,0.20281204071573788,0.9178373080303138,0.23150397276603799,0.4704429259324767,0.6739475774542504,1.9701136456056987,0.6358220810403513,1.3755528241576445,0.6250992851587778,1.5161816186683639,4.869282732574924
189,0.9918327344005227,0.026863444314198796,0.9224109768049656,0.22954149501643434,0.9289447892845475,0.22403797442784149,0.48788138322972735,0.6675933280499612,1.826090939551216,0.6461477363104854,1.2950168930858112,0.6056393963463066,1.5553907024176832,4.683931812040384
190,0.9895459000326691,0.03187222903876352,0.9260045736297912,0.21603454464035793,0.9212675596210389,0.2336862886854536,0.4890223549047898,0.6620333598330439,1.8566168181681777,0.6362192216281194,1.3270397751138645,0.6111993645750595,1.496616521064633,4.687703355850919
191,0.9918327344005227,0.027425213764993406,0.930578242404443,0.2074696395335654,0.9199607971251225,0.23107114697361414,0.47339560620654686,0.6799046862707714,1.9512025594089197,0.6461477363223211,1.3981826343737112,0.611199364598731,1.5164040076391767,4.873215634840363
192,0.9901992812806273,0.03409799293795714,0.9189807252531852,0.22982387946433624,0.9248611564458643,0.23058577196119423,0.501932196857025,0.666401906286657,1.8404725582573263,0.6223193010444013,1.397645674493516,0.613582208101668,1.515646934468592,4.761185801389011
193,0.9901992812806273,0.02758809187372686,0.9266579548777494,0.2199502340848054,0.9209408689970597,0.22812682556700994,0.48307569888205903,0.6600476568823679,1.8498602164669582,0.6370135028036555,1.385850741607126,0.615170770464576,1.471417462154533,4.714534425351997
194,0.9892192093697454,0.031416464359249434,0.9258412283372739,0.21917871770755368,0.9227376674289448,0.22668028876492105,0.4846781084483763,0.6707704527639414,1.842665683381397,0.6413820492572686,1.3939439562016933,0.6179507545789524,1.457447083160944,4.701461809065202
195,0.9905259719046063,0.028572220010657737,0.9292714799085267,0.20878120375464299,0.9153871283504706,0.23450358830239015,0.4792610586215296,0.655281969829151,1.8628115124812632,0.6278792692849899,1.42586488105694,0.6139793487012718,1.5010970084102435,4.797184826363828
196,0.989709245305714,0.03407772436752547,0.9158771643059116,0.2373780697019456,0.9211042143090493,0.2382061148694589,0.5170655012987517,0.6751389992175545,1.7656139770289458,0.6278792692849899,1.3730262838558511,0.6127879269379676,1.4817822482897378,4.627823488166921
197,0.9879124468738291,0.03678037518002729,0.9230643580139793,0.2237172913261437,0.9211042143090493,0.23625158063266566,0.5041478384518615,0.6695790309888016,1.9222688960921879,0.6175536139793487,1.4357856785948073,0.6223193010444013,1.5568843840705002,4.922337731747422
198,0.9906893172165959,0.031811811497428163,0.9354786017641293,0.1950577878846876,0.9212675596210389,0.2286349248672887,0.4629018240429069,0.6739475774542504,1.8212636859851008,0.6409849086576648,1.3810734782631289,0.5949166004765687,1.5437016637612657,4.753429380636825
199,0.9924861156484809,0.025336041449948124,0.925514537732767,0.21598332015841917,0.9318850049003594,0.20286032312136779,0.45156688228789904,0.6723590151031781,1.8988829091228174,0.6382049245669598,1.3623569216046592,0.5945194598888006,1.5802491996097034,4.848871108680088
